CustomerID,C0001,C0002,C0003,C0004,C0005,C0006,C0007,C0008,C0009,C0010,C0011,C0012,C0013,C0014,C0015,C0016,C0017,C0018,C0019,C0020,C0021,C0022,C0023,C0024,C0025,C0026,C0027,C0028,C0029,C0030,C0031,C0032,C0033,C0034,C0035,C0036,C0037,C0038,C0039,C0040,C0041,C0042,C0043,C0044,C0045,C0046,C0047,C0048,C0049,C0050,C0051,C0052,C0053,C0054,C0055,C0056,C0057,C0058,C0059,C0060,C0061,C0062,C0063,C0064,C0065,C0066,C0067,C0068,C0069,C0070,C0071,C0072,C0073,C0074,C0075,C0076,C0077,C0078,C0079,C0080,C0081,C0082,C0083,C0084,C0085,C0086,C0087,C0088,C0089,C0090,C0091,C0092,C0093,C0094,C0095,C0096,C0097,C0098,C0099,C0100,C0101,C0102,C0103,C0104,C0105,C0106,C0107,C0108,C0109,C0110,C0111,C0112,C0113,C0114,C0115,C0116,C0117,C0118,C0119,C0120,C0121,C0122,C0123,C0124,C0125,C0126,C0127,C0128,C0129,C0130,C0131,C0132,C0133,C0134,C0135,C0136,C0137,C0138,C0139,C0140,C0141,C0142,C0143,C0144,C0145,C0146,C0147,C0148,C0149,C0150,C0151,C0152,C0153,C0154,C0155,C0156,C0157,C0158,C0159,C0160,C0161,C0162,C0163,C0164,C0165,C0166,C0167,C0168,C0169,C0170,C0171,C0172,C0173,C0174,C0175,C0176,C0177,C0178,C0179,C0181,C0182,C0183,C0184,C0185,C0186,C0187,C0188,C0189,C0190,C0191,C0192,C0193,C0194,C0195,C0196,C0197,C0198,C0199,C0200
C0001,1.0,,,,,,,,,,,,,,,,,,,,,,,,,,,,,,,,,,0.9891367370822819,,,,,,,,,,0.983175914158822,,,,,,,,,,,,,,,,,,,,,,,,,,,,,,,,,,,,,,,,,,,,,,,,,,,,,,,,,,,,,,,,,,,,,,,,,,,,,,,,,,,,,,,,,,,,,,,,,,,,,0.9893593019263518,,,,,,,,,,,,,,,,,,,,,,,,,,,,,,,,,,,,,,,,,,,,,,,,,,,,,
C0002,,0.9999999999999998,,,,,,,,,,,,,,,,,,,,,,,,,,,,,,,,,,,,,,,,,,,,,,,,,,,,,,,,,,,,,,,,,,,,,,,,,,,,,,,,,,,,,,,,,,,,,,,,,,,,,0.9756149754940117,,,,,,,,,,,,,,,,,,,,,,,,,,,,,,0.9762944818508306,0.9858670308830347,,,,,,,,,,,,,,,,,,,,,,,,,,,,,,,,,,,,,,,,,,,,,,,,,,,,,,,,,,,,,,,,,
C0003,,,0.9999999999999997,,,,,,,,,,,,,,,,,,,,,,,,,,,,0.9879857865997252,,,,,,,,,,,,,,,,,,,,,,,,,,,,,,,,,,,,,,,,,,,,,,,,,,,,,,,,,,,,,,,,,,,,,,,,,,,,,,,,,,,,,,,,,,,,,,,,,,,,,,,,,,,,,,,,,,,,,,,,,,,,,,,0.9864000084328864,,,,,,,,0.9978888705259722,,,,,,,,,,,,,,,,,,,,,,,,,,,,,,,,,
C0004,,,,1.0,,,,,,,,,,,,,,,,,,,,,,,,,,,,,,,,,,,,,,,,,,,,,,,,,,,,,,,,,,,,,,,,,,,,,,,,,,,,,0.9836678150059621,,,,,,,,,0.9836812843837334,,,,,,,,,,,,,,,,,,,,,,,0.9891755626341104,,,,,,,,,,,,,,,,,,,,,,,,,,,,,,,,,,,,,,,,,,,,,,,,,,,,,,,,,,,,,,,,,,,,,,,,,,,,,,,,,,,,,,
C0005,,,,,0.9999999999999999,,0.9917019221912635,,,,,,,,,,,,,,,,,,,,,,,,,,,,0.969589743711466,,,,,,,,,,,,,,,,,,,,,,,,,,,,,,,,,,,,,,,,,,,,,,,,,,,,,,,,,,,,,,,,,,,,,,,,,,,,,,,,,,,,,,,,,,,,,,,,,,,,,,,,,,,,,,,,,,,,,,,,,,,,,,,,,,,,,,,,,,,,,,,,,,,,,,,,,,,,,,,,,0.9995893278662604,,,
C0006,,,,,,0.9999999999999999,,,,,,,,,,,,,,,,,,,,,,,,,,,,,,,,,,,,,,,,,,,,,,,,,,,,,,,,,,,,,,,,,,,,,,,,,,,,,,,,,,,,,,,,,,,,,,,,,,,,,,,,,,,,,,,,,,,,,,,,,,,,,,,,,0.9884154332662004,,,,,,,,,,,,,,,,,,,,,,,,,,,,,,,,0.9787932549234629,,,,,,,,,,,,,,,,,0.9769363267901823,,,,,,,,,,,,,,,
C0007,,,,,0.9917019221912635,,1.0,,,,,,,,,,,,,,,,,,,0.9745378872688696,,,,,,,,,,,,,,,,,,,,,,,,,,,,,,,,,,,,,,,,,,,,,,,,,,,,,,,,,,,,,,,,,,,,,,,,,,,,,,,,,,,,,,,,,,,,,,,,,,,,,,,,,,,,,,,,,,,,,,,,,,,,,,,,,,,,,,,,,,,,,,,,,,,,,,,,,,,,,,,,,,,,,,,,,,0.9876106635849663,,,
C0008,,,,,,,,1.0,,,,,,,,,,,,,,,,,,,,,,,,,,,,,,,,,,,,,,,,,,,,,,,,,,,,,,,,,,,,,,,,,,,,,,,,,,,,,,,,,,,,,,,,,,,,,,,,,,,,,,,,,0.9724077448842686,,,,,,,,,,,,,,,,,,,,,,,,,,,,,,,,,,,,,,,,,,,,,,,,,0.9813069192114082,,,,,,,,,,,,,,,,,,0.9743876196220194,,,,,,,,,,,,,,,,,,,
C0009,,,,,,,,,1.0000000000000002,,,,,,,,,,,,,,,,,,,,0.9367306729797434,,,,,0.9362635188144998,,,,,,,,,,,,,,,0.9512967088104858,,,,,,,,,,,,,,,,,,,,,,,,,,,,,,,,,,,,,,,,,,,,,,,,,,,,,,,,,,,,,,,,,,,,,,,,,,,,,,,,,,,,,,,,,,,,,,,,,,,,,,,,,,,,,,,,,,,,,,,,,,,,,,,,,,,,,,,,,,,,,,,,,,,,,,
C0010,,,,,,,,,,0.9999999999999999,,,,,,,,,,,,,,,,,,,,,,,,0.9627009525362337,,,,,,,,,,,,,,,,,,,,,,,,,,,,,,,,,,,,,,,,,,,0.986531319851437,,,,,,0.9694304423133132,,,,,,,,,,,,,,,,,,,,,,,,,,,,,,,,,,,,,,,,,,,,,,,,,,,,,,,,,,,,,,,,,,,,,,,,,,,,,,,,,,,,,,,,,,,,,,,,,,,,,,,,,,,,,,,,,,,,
C0011,,,,,,,,,,,1.0,,,,,,,,,,,,,,,,0.9915864369042595,,,,,,,,,,,,,,,,,,,,,,,,,,,,,,,,,,,,,,,,,,,0.9793561385766595,,,,,,,,,,,,,,,,,,,,,,,,,,,,,,,,,,,,,,,,,,,,,,,,,,,,,,,,0.9953241298290716,,,,,,,,,,,,,,,,,,,,,,,,,,,,,,,,,,,,,,,,,,,,,,,,,,,,,,,,,,,,,,,,,,,,,,,,,
C0012,,,,,,,,,,,,1.0,,,,,,,,,,,,,,,,,,,,,,,,,,,,,,,,,,,,,,,,,,,,,,,,,,,,,0.9955522739122397,,,,,,,,,,,,,,,,,,,,,,,,,,,,,,,,,,,,,,,0.991150525983221,,,,,,,,,,,,,,,,,,,,,,,,,,,,,,,,,,,,,,,,,,,,,,,,0.9921162413339101,,,,,,,,,,,,,,,,,,,,,,,,,,,,,,,,,,,,,,,,,,,,,,,
C0013,,,,,,,,,,,,,1.0000000000000002,,,,,,,,,,,,,,,,,,,,,,,,,,,,,,,,,,,,,,,,,,,,,,,,,,,,,,,,,,,,,,,,,,,,,,,,,,,,,,,,,,,,,,,,,,,,0.9931204605558104,,0.993703352690327,,,,,,,,,,,,,,,,,,,,,,,,,,,,,,,,,,,,,,,,,,,,,,,,,,,,,,,,,,,,,,,,,,,,,,,,,,,0.9931874477668671,,,,,,,,,,,,,,,,,
C0014,,,,,,,,,,,,,,0.9999999999999998,,,,,,,,,,,,,,,,,,,,,,,,,,,,,,,,,,,,,,,,,,,,,,,,,,,,,,,,,,,,,,,,,,,,,,,,,,,,,,,,,,,0.923195619608452,,,,,,,,,,,,,,,,,,,,,,,,,,,,,,,0.9637285376377628,,,,,,,,,,,,,,,,,,,,,,,0.9815232462521732,,,,,,,,,,,,,,,,,,,,,,,,,,,,,,,,,,,,,,,,,,,,,,,,
C0015,,,,,,,,,,,,,,,1.0,,,,,,,,,,,,,,,,,,,,,,,,,,,,,,,,,,,,,,,,,,,,,,,,,,,,,,,,,,0.9636285232198349,,,,,,,,,,,,,,,,,,,,,,,,,,,,,,,,,,,,,,,,,,,,,,,,,,0.9943946543716887,,,,,,,,0.9614140694755232,,,,,,,,,,,,,,,,,,,,,,,,,,,,,,,,,,,,,,,,,,,,,,,,,,,,,,,,,,,,,,,,,,,,
C0016,,,,,,,,,,,,,0.9930757778412247,,,1.0,,,,,,,,,,,,,,,,,,,,,,,,,,,,,,,,,,,,,,,,,,,,,,,,,,,,,,,,,,,,,,,,,,,,,,,,,,,,,,,,,,,,,,,,,,,0.9993749357952106,,,,,,,,,,,,,,,,,,,,,,,,,,,,,,,,,,,,,,,,,,,,,,,,,,,,,,,,,,,,,,,,,,,,,,,,,,,0.9999944981594442,,,,,,,,,,,,,,,,,
C0017,,,,,,,,,,,,,,,,,0.9999999999999997,,,,,,,,,,,,,,,,,,,,,,,,,,,,,,,,,,,,,,,,,,,,,,,,,,,,,,,,,,0.9923728533538375,,,,,,,,,,,,,,,0.9938677595989726,,,,,,,,,,,,,,,,,,,,,,,,,,,,,,,,,,,,,,,,,,,,,,,,,,,,,,,,,,,,,,,,,,,,,,,,,,,,,,,,,,,,,,,,,,,,,,,,,,,,,,,0.9934152728896554,,,,,,
C0018,,,,,,,,,,,,,,,,,,0.9999999999999999,,,,,,,,,,,,,,,,,,,,,,,,,,,,,,0.9759128615785247,,,,,,,,,0.9799263775033896,,,,,,,,,,,,,,,,,,,,,,,,,,,,,,,,,,,,,,,,,,,,,,,,,,,,,,,,,0.9777931108361151,,,,,,,,,,,,,,,,,,,,,,,,,,,,,,,,,,,,,,,,,,,,,,,,,,,,,,,,,,,,,,,,,,,,,,,,,,,,,,,,,,,,,
C0019,,,,,,,,,,,,,,,,,,,1.0,,,,,,,,,,,,,,,,,,,,,,,,,,,,,,,,,,,,,,,,,,,,,,,,,,,,,,,,,,,,,,,,,,,,,,,,,,,0.9584205374877391,,,,,,,,,,,,,,,,,,,,,,,,,,,,,,,,,,,,,,,,,,,,,,,,,,,,,,,,,,,,,0.9136367090860047,,,,,,,,,,,,,,,,,,,,,,,,,,,,,,,,,,,0.965372165052347,,,,,,,,,
C0020,,,,,,,,,,,,,,,,,,,,1.0,,,,,,,,,,,,,,,,,,,,,,,,,,,,,,,,,,,,,,,,,,,,,,0.8995935441475055,,,,,,,,,,,,,,,,,,,,,,,,,,,,,,,,,,,,,,,,,,,,,,,,,,,,,,,,,,,,,,,,0.9796100871791686,,,,,,,,,,0.8945393541721428,,,,,,,,,,,,,,,,,,,,,,,,,,,,,,,,,,,,,,,,,,,,,,,,,,,,,,,,,,,
C0021,,,,,,,,,,,,,,,,,,,,,0.9999999999999999,,,,,,,,,,,,,,,,,,,,,,,,,,,,,,,,,,,,,,,,,,,,,,,,,,,,,,0.9877583986742108,,,,,,,,,,,,,,,,,,,,,,,,,,,0.9871362638465203,,,,,,,,,,,,,,,,0.9933448768599209,,,,,,,,,,,,,,,,,,,,,,,,,,,,,,,,,,,,,,,,,,,,,,,,,,,,,,,,,,,,,,,,,,,,,,,,,,,,,,,,,
C0022,,,,,,,,,,,,,,,,,,,,,,0.9999999999999998,,,,,,,,,,,,,,,,,,,,,,,,,,,,,,,,,,,,,,,,,,,,,,,,,,,,,,,,,,,,,,,,,,,,,,,,,,,,,,,,,,,,,,,,,,,,,,,,,,,,,,,,,,,,,,,,,,,,,,,,,0.9852921918680346,,0.9840829172492508,,,,,,,,,,,,,,,,,,,,,,,,0.9817345986439018,,,,,,,,,,,,,,,,,,,,,,,,,,,,,,
C0023,,,,,,,,,,,,,,,,,,,,,,,1.0,,,,,,,,,,,,,,,,,,,,,,,,,,,,,,,,,,,,,,,,,,,,,,,,,,,,,,,,,,,,,,,,0.9894178833864589,,,,,,,,,,,,,,,,,,,,,,,,,,,,,,,,,,,,,,0.9909788966929359,,,,,,,,,,,,,,,,,,,,,,,,,,,,,,0.990032329344662,,,,,,,,,,,,,,,,,,,,,,,,,,,,,,,,,,,,,,,,,,,,
C0024,,,,,,,,,,,,,,,,,,,,,,,,0.9999999999999999,,,,,,,,,,,,,,,,,,,,,,,,,,,,,,,,,,,,,,,,,,,,,,,,,,,,,,,,,0.9874151730663019,,,,,,,,,,,,,,,,,,,,,,,,,,,,,,,,,,,0.9879178022492319,,,,,,,,,,,,,,,,,,,,,,,,,,,,,,,,,,,,,,,,,,,,,,,,,,,,,,,,,,,0.983397164241572,,,,,,,,,,,,,,,,,,,,,,,,
C0025,,,,,,,,,,,,,,,,,,,,,,,,,1.0000000000000002,,,,,,,,,,,,,,,,,,,,,,,,,,,,,,,,,,,,,,,,,,,,,,,,,,,0.9938885532940411,,,,,,,,,,,,,,,,,,,,,,,,,,,0.9765904432822733,,,,,,,,,,,,,,,,,,,,,0.9777311179426895,,,,,,,,,,,,,,,,,,,,,,,,,,,,,,,,,,,,,,,,,,,,,,,,,,,,,,,,,,,,,,,,,,,,,,,,,,,
C0026,,,,,,,,,,,,,,,,,,,,,,,,,,0.9999999999999998,,,,,,,,,,,,,,,,,,,,,,0.9784804945670036,,,,,,,,,,,,,,,,,,,,,,,,,,,,,,,,,,,,,,,,,,,,,,,,0.99009238503325,,,,,,,,,,,,,,,,,,,,,,,,,,,,,,,,,,,,,,,,,,,,,,,,,,,,,0.9853074105006939,,,,,,,,,,,,,,,,,,,,,,,,,,,,,,,,,,,,,,,,,,,,,,,,,,
C0027,,,,,,,,,,,0.9915864369042595,,,,,,,,,,,,,,,,1.0,,,,,,,,,,,,,,,,,,,,,,,,,,,,,,,,,,,,,,,,,,,0.9677664789046908,,,,,,,,,,,,,,,,,,,,,,,,,,,,,,,,,,,,,,,,,,,,,,,,,,,,,,,,0.9759652299745616,,,,,,,,,,,,,,,,,,,,,,,,,,,,,,,,,,,,,,,,,,,,,,,,,,,,,,,,,,,,,,,,,,,,,,,,,
C0028,,,,,,,,,,,,,,,,,,,,,,,,,,,,1.0,,,,,,,,,,,,,,,,,,,,,,,,,,,,,0.9897196425188751,,,,,,,,,,,,,,,,,,,,,,,,,,,,,,,,,,,,,,,,,,,,,0.9985221085310032,,,,,,,,,,,,,,,,,,,,,,,,,,,,,,,,,,,,,,,,,,,,,,,,,,,,,,,,,,,,,,,,,,,,,,,,,,,,,,,,,,,,,0.9997676038362346,,,,,,,,,,,,
C0029,,,,,,,,,,,,,,,,,,,,,,,,,,,,,1.0000000000000002,,,,,0.9741666975949306,,,,,,,,,,,,,,,,,,,,,,0.9845033247084665,,,,,,,,,,,,,,,,,,,,,,,,,,,,,,,,0.9678307221854466,,,,,,,,,,,,,,,,,,,,,,,,,,,,,,,,,,,,,,,,,,,,,,,,,,,,,,,,,,,,,,,,,,,,,,,,,,,,,,,,,,,,,,,,,,,,,,,,,,,,,,,,,,,,,,,
C0030,,,,,,,,,,,,,,,,,,,,,,,,,,,,,,0.9999999999999999,,,,,,,,,,,,,,,,,,,,,,,,,,,,,,,,,,,,,,,,,,,,,,,,,,,,,,,,,,,,,,,,,,,,,,,,,,,,,,0.969723837683359,,,,,,,,,,,,,,,,,,,,,,,,,,0.9515469881775921,,,,,,,,,,,0.965472966699446,,,,,,,,,,,,,,,,,,,,,,,,,,,,,,,,,,,,,,,,,,,,,,,,,,,,,,
C0031,,,0.9879857865997252,,,,,,,,,,,,,,,,,,,,,,,,,,,,0.9999999999999999,,,,,,,,,,,,,,,,,,,,,,,,,,,,,,,,,,,,,,,,,,,,,,,,,,,,,,,,,,,,,,,,,,,,,,,,,,,,,,,,,,,,,,,,,,,,,,,,,,,,,,,,,,,,,,,,,,,,,,,,,,,,,,,,,,,,,,,0.9959368700625353,,,,,,,,,,,,,,,,,,,,,,,,,,,,0.9854859330452879,,,,,
C0032,,,,,,,,,,,,,,,,,,,,,,,,,,,,,,,,0.9999999999999999,,,,,,,,,,,,,,,,,0.952204246683721,,,,,,,,,,,,,,,,,,,,,,,,,,,,,,,,,,,,,,,0.9696499840403575,,,,,,0.9656707459340826,,,,,,,,,,,,,,,,,,,,,,,,,,,,,,,,,,,,,,,,,,,,,,,,,,,,,,,,,,,,,,,,,,,,,,,,,,,,,,,,,,,,,,,,,,,,,,,,,,,,,,,,,
C0033,,,,,,,,,,0.7460687149051209,,,,,,,,,,,,,,,,,,,,,,,0.9999999999999999,,,,,,,,,,,,,,,,,,,,,,,,,0.7585252883326559,,,,,,,,,,,,,,,,,,,,,,,,,0.7470542689250828,,,,,,,,,,,,,,,,,,,,,,,,,,,,,,,,,,,,,,,,,,,,,,,,,,,,,,,,,,,,,,,,,,,,,,,,,,,,,,,,,,,,,,,,,,,,,,,,,,,,,,,,,,,,,,,,,,,,
C0034,,,,,,,,,,,,,,,,,,,,,,,,,,,,,0.9741666975949306,,,,,0.9999999999999998,,,,,,,,,,,,,,,,,,,,,,0.9840247392099313,,,,,,,,,,,,,,,,,,,,,,,,,,,,,,,,,,,,,,,,,,,0.9703919318084749,,,,,,,,,,,,,,,,,,,,,,,,,,,,,,,,,,,,,,,,,,,,,,,,,,,,,,,,,,,,,,,,,,,,,,,,,,,,,,,,,,,,,,,,,,,,,,,,,,,,
C0035,0.9891367370822819,,,,,,,,,,,,,,,,,,,,,,,,,,,,,,,,,,1.0,,,,,,,,,,,,,,,,,,,,,,,,,,,,,,,,,,,,,,,,,,,,,,,,,,,,,,,,,,,,,,,,,,,,,,,,,,,,,,,,,,,,,,,,,,,,,,,,,,,,,,,,,,,,,,,0.999994088866407,,,,,,,,,,,,,,,,,,,,,,,,,,,,,,,,,,,,,,,,,,,0.9767721680405826,,,,,,,,,,
C0036,,,,,,,,,,,,,,,,,,,,,,,,,,,,,,,,,,,,0.9999999999999999,,,,,,,,,,,,,,,,,,,,,,,,,,,,,,,,,,,,,,,,,,,,,,,,,,,,,,,,,,,,,,,,,,,,,,,,,,,,,,,,,,,,,,,,,,,,,,,,,,,0.977518344392406,,,,,,,,,,,,,,,,,,,,,,,,,,,,,,,,0.9939216605900004,,,,,,,,,,,,,,,,,,,0.9761510256526122,,,,,,,,,,,,,
C0037,,,,,,,,,,,,,,,,,,,,,,,,,,,,,,,,,,,,,1.0,,,,,,,,,,,,,,,,,,,,,,,,,,,,,,,,,,,,,,,,,,,,,,,,,,,,,,,,,,,,,,,,,,,,,,,,,,,,,,,,,,,,,,,,,,,,,,,,,,,0.9862023508265527,,,,,,,,,,,,,,,,,,,,,,,,0.9833021903478193,,,,,,,,,,,,,,,,,,0.9781250157301997,,,,,,,,,,,,,,,,,,,,,
C0038,,,,,,,,,,,,,,,,,,,,,,,,,,,,,,,,,,,,,,0.9999999999999998,,,,,,,,,,,,,,0.9833264845976182,,,,,,,,,,,,,,,,,,,,,,,,,,,,,,,,,,,,,,,,,,,,,,,,,,,,,,,,,,,,,,,,,,,,,,,,,,,,,,,,,,,,0.9941397996797108,,,,,,,,,,,,,,,,,,,,,,,,0.9993372951733328,,,,,,,,,,,,,,,,,,,,,,,,,,,,,,,,,,,,,,,
C0039,,,,,,,,,,,,,,,,,,,,,,,,,,,,,,,,,,,,,,,0.9999999999999999,,,,,,,,,,,,0.9910846709107131,,,,,,,,,,,,,,,,,,,,,,,,,,,,,,,,,,,,,,,,,,,,,,,,,,,,,,,,,,,,,,,,,,,,,,,,,,,,,,,,,,,,,,,,,,,,,,,,,,,,,,,0.9977000167802843,,,,,,,,,,,,,,,,,,,,,,,,,,0.9932069311666354,,,,,,,,,,,,,,,,,,,
C0040,,,,,,,,,,,,,,,,,,,,,,,,,,,,,,,,,,,,,,,,0.9999999999999997,,,,0.9751441712305465,,,,,,,,,,,,,,,,,,,,,,0.9647158094862344,,,,,,,,0.9728783693034617,,,,,,,,,,,,,,,,,,,,,,,,,,,,,,,,,,,,,,,,,,,,,,,,,,,,,,,,,,,,,,,,,,,,,,,,,,,,,,,,,,,,,,,,,,,,,,,,,,,,,,,,,,,,,,,,,,,,,,,,,,,,,
C0041,,,,,,,,,,,,,,,,,,,,,,,,,,,,,,,,,,,,,,,,,1.0,,,,,0.9873558946662496,,,,,,,,,,,,,,,,,,,,,,,,,,,,,,,,,,,0.976285722444715,,,,,,,,,,,,,,,,,,,,,,,,,,,,,,,,,,,,,,,,,0.9739195052511641,,,,,,,,,,,,,,,,,,,,,,,,,,,,,,,,,,,,,,,,,,,,,,,,,,,,,,,,,,,,,,,,,,,,,,,,,,,,,
C0042,,,,,,,,,,,,,,,,,,,,,,,,,,,,,,,,,,,,,,,,,,1.0,,,,,,,,,,,,,,,,,,,0.9980825391396707,,,,,,,,,,,,,,,,,,,,,,,,,,,,,,,,,,,,,,,,,,,,,,,,,,,,,,,,,,,,,,,,,,,,,,,0.9322927267864531,,,,,,,,,,,,,,,,,,,,,,,,,,,,,,,,,,,,,,,,,,,,0.9998760911489515,,,,,,,,,,,,,,,,,,,,,,,
C0043,,,,,,,,,,,,,,,,,,,,,,,,,0.9661420348594076,,,,,,,,,,,,,,,,,,1.0000000000000002,,,,,,,,,,,,,,,,,,,,,,,,,,,,,,,,,,,,,,,,,,,,,,,,,,,,,,,,,,,,0.979676275102925,,,,,,,,,,,,,,,,,,,,,0.9707307638687059,,,,,,,,,,,,,,,,,,,,,,,,,,,,,,,,,,,,,,,,,,,,,,,,,,,,,,,,,,,,,,,,,,,,,,,,,,,
C0044,,,,,,,,,,,,,,,,,,,,,,,,,,,,,,,,,,,,,,,,0.9751441712305465,,,,1.0000000000000002,,,,,,,,,,,,,,,,,,,,,,0.9676780153020671,,,,,,,,0.9997007696769064,,,,,,,,,,,,,,,,,,,,,,,,,,,,,,,,,,,,,,,,,,,,,,,,,,,,,,,,,,,,,,,,,,,,,,,,,,,,,,,,,,,,,,,,,,,,,,,,,,,,,,,,,,,,,,,,,,,,,,,,,,,,,
C0045,0.983175914158822,,,,,,,,,,,,,,,,,,,,,,,,,,,,,,,,,,,,,,,,,,,,1.0,,,0.977445188798107,,,,,,,,,,,,,,,,,,,,,,,,,,,,,,,,,,,,,,,,,,,,,,,,,,,,,,,,,,,,,,,,,,,,,,,,,,,,,,,,,,,,,,,,,,,,,,,,,,,,,,,,,,,,,,,,,,,,,,,,,,,,,,,,,,,,,,,,,,,,,0.9774779217137014,,,,,,,,,,
C0046,,,,,,,,,,,,,,,,,,,,,,,,,,,,,,,,,,,,,,,,,0.9873558946662496,,,,,1.0,,,,,,,0.9902911613809545,,,,,,,,,,,,,,,,,,,,,,,,,,,,,,,,,,,,,,,,,,,,,,,,,,,,,,,,,,,,,,,,,,,,,,,,,,,,,,,,,,,,,,,,,,0.9875158344306328,,,,,,,,,,,,,,,,,,,,,,,,,,,,,,,,,,,,,,,,,,,,,,,,,,,,,,,,
C0047,,,,0.9660324643863865,,,,,,,,,,,,,,,,,,,,,,,,,,,,,,,,,,,,,,,,,,,1.0,,,,,,,,,,,,,,,,,,,,,,,,,,,,,,,,,,,,,,,,,,,,,,,,,,,,,,,,,,,,,,,,,,,,,0.9745546070789946,,,,,,,,,,,,,,,,,,,,,,,,,,,,,,,,,,,,,,,,,,,,,,,,,,,,,,,,0.9906450667831765,,,,,,,,,,,,,,,,,,,,,,,,,,,
C0048,,,,,,,,,,,,,,,,,,,,,,,,,,,,,,,,,,,,,,,,,,,,,,,,0.9999999999999996,,,,,,,0.9879303756944616,,0.9882159194258802,,,,,,,,,,,,,,,,,,,,,,,,,,,,,,,,,,,,,,,,,,,,,,,,,,,,,,,,,,,,,,,,,,,,,,,,,,,,,,,,,,,,,,,,,,,,,,,,,,,,,,,,,,,,,,,,,,,,,,,,,,,,,,,,,,,,0.9910763758765103,,,,,,,,,,
C0049,,,,,,,,,0.9512967088104858,,,,,,,,,,,,,,,,,,,,,,,0.952204246683721,,,,,,,,,,,,,,,,,1.0000000000000002,,,,,,,,,,,,,,,,,,,,,,,,,,,,,,,,,,,,,,,0.9709588019454336,,,,,,,,,,,,,,,,,,,,,,,,,,,,,,,,,,,,,,,,,,,,,,,,,,,,,,,,,,,,,,,,,,,,,,,,,,,,,,,,,,,,,,,,,,,,,,,,,,,,,,,,,,,,,,,
C0050,,,,,,,,,,,,,,,,,,,,,,,,,,,,,,,,,,,,,,,,,,,,,,,,,,1.0000000000000002,,,,,,,,,,,,,,,,,,,,,,,,,,,,,,,,,,,,,,,,,,,,,,,,,,,,,,,,,,,,,,0.9711244759344128,,,0.9999373020625701,,,,,,,,,,,,,,,,,,,,,,,,,,,,,,,,,,,,,,,,,,,,,,,,,,,,,0.9801955424154783,,,,,,,,,,,,,,,,,,,,,,,,,,,,,,,
C0051,,,,,,,,,,,,,,,,,,,,,,,,,,,,,,,,,,,,,,,0.9910846709107131,,,,,,,,,,,,0.9999999999999998,,,0.9875936244438307,,,,,,,,,,,,,,,,,,,,,,,,,,,,,,,,,,,,,,,,,,,,,,,,,,,,,,,,,,,,,,,,,,,,,,,,,,,,,,,,,,,,,,,,,,,,,,,,,,,,,,,,,,,,,,,,,,,,,,,,,,,,,,,,,,,,,,,0.9870469728408734,,,,,,,,,,
C0052,,,,,,,,,,,,,,,,,,,,,,,,,,,,,,,,,,,,,,0.9833264845976182,,,,,,,,,,,,,,1.0,,,,,,,,,,,,,,,,,,,,,,,,,,,,,,,,,,,,,,,,,,,,,,,,,,,,,,,,,,,,,,,,,,,,,,,,,,,,,,,,,,,,0.9900193230652701,,,,,,,,,,,,,,,,,,,,,,,,0.9847916601889107,,,,,,,,,,,,,,,,,,,,,,,,,,,,,,,,,,,,,,,
C0053,,,,,,,,,,,,,,,,,,,,,,,,,,,,,,,,,,,,,,,,,,,,,,0.9902911613809545,,,,,,,1.0,,,,,,,,,,,,,,,,,,,,,,,,,,,,,,,,,,,,,,,,,,,,,,,,,,,,,,,,,,,,,,,,,,,,,,,,,,,,,,,,,,,,,,,,,,0.9934481319655702,,,,,,,,,,,,,,,,,,,,,,,,,,,0.9876294990350478,,,,,,,,,,,,,,,,,,,,,,,,,,,,,
C0054,,,,,,,,,,,,,,,,,,,,,,,,,,,,,,,,,,,,,,,,,,,,,,,,0.9838840470674983,,,0.9875936244438307,,,0.9999999999999998,,,,,,,,,,,,,,,,,,,,,,,,,,,,,,,,,,,,,,,,,,,,,,,,,,,,,,,,,,,,,,,,,,,,,,,,,,,,,,,,,,,,,,,,,,,,,,,,,,,,,,,,,,,,,,,,,,,,,,,,,,,,,,,,,,,,,0.9842892105110044,,,,,,,,,,,,
C0055,,,,,,,,,,,,,,,,,,,,,,,,,,,,,,,,,,,,,,,,,,,,,,,,0.9879303756944616,,,,,,,1.0,,,,,,,,,,,,,,,,,,,,,,,,,,,,,,,,,,,,,,,,,,,,,,,,,,,,,,,,,,,,,,,0.9864500973823004,,,,,,,,,,,,,,,,,,,,,,,,,,,,,,,,,,,,,,,,,,,,,,,,,,,,,,,,,,,,,,,,,,,,,,,0.9997616986938355,,,,,,,,,,
C0056,,,,,,,,,,,,,,,,,,,,,,,,,,,,,0.9845033247084665,,,,,0.9840247392099313,,,,,,,,,,,,,,,,,,,,,,0.9999999999999999,,,,,,,,,,,,,,,,,,,,,,,,,,,,,,,,,,,,,,,,,,,0.9839954437770626,,,,,,,,,,,,,,,,,,,,,,,,,,,,,,,,,,,,,,,,,,,,,,,,,,,,,,,,,,,,,,,,,,,,,,,,,,,,,,,,,,,,,,,,,,,,,,,,,,,,
C0057,,,,,,,,,,,,,,,,,,,,,,,,,,,,0.9897196425188751,,,,,,,,,,,,,,,,,,,,,,,,,,,,,1.0,,,,,,,,,,,,,,,,,,,,,,,,,,,,,,,,,,,,,,,,,,,,,,,,,,,,,,,,,,,,,0.9898904284713588,,,,,,,,,,,,,,,,,,,,,,,,,,,,,,,,,,,,,,,,,,,,,,,,,,,,,,,,,,,,,,,,,,,,,0.9893640843495574,,,,,,,,,,,,
C0058,,,,,,,,,,,,,,,,,,,,,,,,,,,,,,,,,,,,,,,,,,0.8517041668448052,,,,,,,,,,,,,,,,1.0000000000000002,,,,,,,,,,,,,,,,,,,,,,,,,,,,,,,,,,,,,,,,,,,,,,,,,,,,,,,,,,,,,,,,,,,,,,,,,,,,,,,,,,,,,,,,,,,,0.9792339500411805,,,,,,,,,,,,,,,,,,,,,,,,,,0.850237590519811,,,,,,,,,,,,,,,,,,,,,,,
C0059,,,,,,,,,,,,,,,,,,,,,,,,,,,,,,,,,,,,,,,,,,,,,,,,,,,,,,,,,,,1.0,,,,,,,,,,,,,,,,,,,,,,,,,,,,,,,,,,,,,,,,,0.9923781754496073,,,,0.98747180443012,,,,,,,,,,,,,,,,,,,,,,,,,,,,,,,,,,,,,,,,,,,,,,,,,,,,,,,,,,,,0.9846736770462329,,,,,,,,,,,,,,,,,,,,,,,,,,,,,,,,,,,
C0060,,,,,,,,,,,,,,,,,,,,,,,,,,,,,,,,,,,,,,,,,,,,,,,,,,,,,,,,,,,,1.0,,,,,,,,,,,,,,,,,,,,,,,,,,,,,,,,,,,,,0.9907415998134939,,,,,,,,,,,,,,,,,,,,,,,,,,,,,,,0.9038074717281529,,,,,,,,,,,,,,,,,,,,,,,0.9433753517438245,,,,,,,,,,,,,,,,,,,,,,,,,,,,,,,,,,,,,,,,,,,,,,,,
C0061,,,,,,,,,,,,,,,,,,,,,,,,,,,,,,,,,,,,,,,,,,0.9980825391396707,,,,,,,,,,,,,,,,,,,0.9999999999999999,,,,,,,,,,,,,,,,,,,,,,,,,,,,,,,,,,,,,,,,,,,,,,,,,,,,,,,,,,,,,,,,,,,,,,,0.934413384033272,,,,,,,,,,,,,,,,,,,,,,,,,,,,,,,,,,,,,,,,,,,,0.9989332351225971,,,,,,,,,,,,,,,,,,,,,,,
C0062,,0.9472657251503147,,,,,,,,,,,,,,,,,,,,,,,,,,,,,,,,,,,,,,,,,,,,,,,,,,,,,,,,,,,,0.9999999999999999,,,,,,,,,,,,,,,,,,,,,,,,,,,,,,,,,,,,,,,,,,,,,,,,,,,,,,,,,,,,,,,,,,,,,,,0.9710102182590424,0.970980737194898,,,,,,,,,,,,,,,,,,,,,,,,,,,,,,,,,,,,,,,,,,,,,,,,,,,,,,,,,,,,,,,,,
C0063,,,,,,,,,,,,,,,,,,,,,,,,,,,,,,,,,,,,,,,,,,,,,,,,,,,,,,,,,,,,,,,1.0000000000000002,,,,,,,,,,,,,,,,,,,,,,,,,,,,,,,,,,,,,,,,,,,,,,,,,,,,,,,,,,,,,,,,,,,,,0.9355011914071288,,,,,,,,,,,,,,,,,,,,,,,,,,,,,,,,,,,,,,,0.9354812671192241,,,,,,,,,,,,,,,,,,,,,0.9450357852460776,,,,,,,
C0064,,,,,,,,,,,,,,,,,,,,,,,,,,,,,,,,,,,,,,,,,0.972136144937185,,,,,,,,,,,,,,,,,,,,,,,1.0,,,,,,,,,,,,,,,,,,,,,,,,,,,,,,,,,,,,,,,,,,,,,,,,,,,,,,,,,,,,,,,,,,,,,,,,,,,,,,,,,,,,,,,,,,,,,,,,,,,,,,,,,,,,,,0.9847863926096172,,,0.9876163501108488,,,,,,,,,,,,,,,,,,,,,,
C0065,,,,,,,,,,,,0.9955522739122397,,,,,,,,,,,,,,,,,,,,,,,,,,,,,,,,,,,,,,,,,,,,,,,,,,,,,1.0,,,,,,,,,,,,,,,,,,,,,,,,,,,,,,,,,,,,,,,0.9865806207635748,,,,,,,,,,,,,,,,,,,,,,,,,,,,,,,,0.9868580538370249,,,,,,,,,,,,,,,,,,,,,,,,,,,,,,,,,,,,,,,,,,,,,,,,,,,,,,,,,,,,,,,
C0066,,,,,,,,,,,,,,,,,,,,,,,,,,,,,,,,,,,,,,,,,,,,0.9676780153020671,,,,,,0.9698715090609222,,,,,,,,,,,,,,,,0.9999999999999998,,,,,,,,,,,,,,,,,,,,,,,,,,,,,,,,,,,,,,,,,,,,,,,,,0.9713467836206331,,,,,,,,,,,,,,,,,,,,,,,,,,,,,,,,,,,,,,,,,,,,,,,,,,,,,,,,,,,,,,,,,,,,,,,,,,,,,,,,,,,,
C0067,,,,,,,,,,,,,,,,,,,,,,,,,,,,0.9877266818840995,,,,,,,,,,,,,,,,,,,,,,,,,,,,,,,,,,,,,,,1.0,,,,,,,,,,,,,,,,,,,,,,,,,,,,,,,,,,,0.9894722678956512,,,,,,,,,,,,,,,,,,,,,,,,,,,,,,,,,,,,,,,,,,,,,,,,,,,,,,,,,,,,,,,,,,,,,,,,,,,,,,,,,,,,,0.9862256787612848,,,,,,,,,,,,
C0068,,,,,,,,,,,,,,,,,,,,,,,0.9763821145826562,,,,,,,,,,,,,,,,,,,,,,,,,,,,,,,,,,,,,,,,,,,,,1.0,,,,,,,,,,,,,,,,0.9665097014574414,,,,,,,,,,,,,,,,,,,,,,,,,,,,,,,,,,,,,,,,,,,,,,,,,,,,,,,,,,,,,,,,,,,,,,,0.9734876013621678,,,,,,,,,,,,,,,,,,,,,,,,,,,,,,,,,,,,,,,,,,,,
C0069,0.9710325908944524,,,,,,,,,,,,,,,,,,,,,,,,,,,,,,,,,,,,,,,,,,,,,,,,,,,,,,,,,,,,,,,,,,,,1.0,,,,,,,,,,,,,,,,,,,,,,0.9879591350057368,,,,,,,,,,,,,,,,,,,,,,,,,,,,,,,,,,,,,,,,,,,,,,,,,,,,,,,,,,,,,,,,,,,,,,,,,,,,,,,,,,,,,,,,,,,,,,,,,,,,,,,,,0.9527957946612149,,,
C0070,,,,,,,,,,,0.9793561385766595,,,,,,,,,,,,,,,,0.9677664789046908,,,,,,,,,,,,,,,,,,,,,,,,,,,,,,,,,,,,,,,,,,,1.0000000000000002,,,,,,,,,,,,,,,,,,,,,,,,,,,,,,,,,,,,,,,,,,,,,,,,,,,,,,,,0.9741297070387249,,,,,,,,,,,,,,,,,,,,,,,,,,,,,,,,,,,,,,,,,,,,,,,,,,,,,,,,,,,,,,,,,,,,,,,,,
C0071,,,,,,,,,,,,,,,,,,,,,,,,,,,,,,,,,,,,,,,,,,,,,,,,,,,,,,,,,,,,,,,,,,,,,,,0.9999999999999999,,0.9775939237445987,,,,,,,,,,,,,,,,,,,,,,,,,,,,,,,,,,,,,,,,,,,,,,,,,,,,,,,,,,0.9838737034738831,,,,,,0.9835908774010272,,,,,,,,,,,,,,,,,,,,,,,,,,,,,,,,,,,,,,,,,,,,,,,,,,,,,,,,,,,,,,
C0072,,,,,,,,,,,,,,,,,,,,,,,,,,,,,,,,,,,,,,,,,,,,,,,,,,,,,,,,,,,,,,,,,,,,,,,,1.0,,,,,,,,,,,,,,,,0.9647975193475002,,,,,,,,,,,,,,,,,0.9739166080714636,,,,,,,,,,,,,,,,,,,,,,,,,,,,,,,,,,,,,,,,,,,,,,,,,,,,,,,,,,,,,,,,,,,,,,,,,,,,,,,,,,,,,,0.9711720478380421,,,,,,,,
C0073,,,,,,,,,,,,,,,,,,,,,,,,,,,,,,,,,,,,,,,,,,,,,,,,,,,,,,,,,,,,,,,,,,,,,,,0.9775939237445987,,1.0,,,,,,,,,,,,,,,,,,,,,,,,,,,,,,,,,,,,,,,,,,,,,,,,,,,,,,,,,,0.9994798918240122,,,,0.9670299007638412,,,,,,,,,,,,,,,,,,,,,,,,,,,,,,,,,,,,,,,,,,,,,,,,,,,,,,,,,,,,,,,,
C0074,,,,,,,,,,,,,,,,,,,,,,,,,,,,,,,,,,,,,,,,0.9728783693034617,,,,0.9997007696769064,,,,,,,,,,,,,,,,,,,,,,,,,,,,,,1.0000000000000002,,,,,,,,,,,,,,,,,,,,,,,,,,,,,,,,,,,,,,,,,,,,,,,,,,,,,,,,,,,,,,,,,,,,,,,,,,,,,,,,,,,,,,,,,,,,,,0.9677943401582152,,,,,,,,,,,,,,,,,,,,,,,,,,,,,,,
C0075,,,,,,,,,,,,,,,,,0.9923728533538375,,,,,,,,,,,,,,,,,,,,,,,,,,,,,,,,,,,,,,,,,,,,,,,,,,,,,,,,,,1.0,,,,,,,,,,,,,,,0.9911096826116125,,,,,,,,,,,,,,,,,,,,,,,,,,,,0.9919358691744046,,,,,,,,,,,,,,,,,,,,,,,,,,,,,,,,,,,,,,,,,,,,,,,,,,,,,,,,,,,,,,,,,,,,,,,,,,,,,,,,,
C0076,,,,,,,,,,,,,,,,,,,,,,,,,0.9938885532940411,,,,,,,,,,,,,0.9768697205861282,,,,,,,,,,,,,,,,,,,,,,,,,,,,,,,,,,,,,,1.0000000000000002,,,,,,,,,,,,,,,,,,,,,,,,,,,,,,,,,,,,,,,,,,,,,,,,,,,,,,,,,,,,0.9775474062315006,,,,,,,,,,,,,,,,,,,,,,,,,,,,,,,,,,,,,,,,,,,,,,,,,,,,,,,,,,,,,,,
C0077,,,,,,,,,,0.986531319851437,,,,,,,,,,,,,,,,,,,,,,,,0.9345625188355274,,,,,,,,,,,,,,,,,,,,,,,,,,,,,,,,,,,,,,,,,,,1.0,,,,,,0.9943291406753189,,,,,,,,,,,,,,,,,,,,,,,,,,,,,,,,,,,,,,,,,,,,,,,,,,,,,,,,,,,,,,,,,,,,,,,,,,,,,,,,,,,,,,,,,,,,,,,,,,,,,,,,,,,,,,,,,,,,
C0078,,,,,,,,,,,,,,,,,,,,0.8876488091404557,,,,,,,,,,,,,,,,,,,,,,,,,,,,,,,,,,,,,,,,,,,0.8885184621806398,,,,,,,,,,,,,,,1.0,,0.8864069919481966,,,,,,,,,,,,,,,,,,,,,,,,,,,,,,,,,,,,,,,,,,,,,,,,,,,,,,,,,,,,,,,,,,,,,,,,,,,,,,,,,,,,,,,,,,,,,,,,,,,,,,,,,,,,,,,,,,,,,,,
C0079,,,,,,,,,,,,,,,,,,,,,,,,,,,,,,,,,,,,,,,,,,,,,,,,,,,,,,,,,,,,,,,,,,,,,,,,,,,,,,,0.9999999999999999,,,,,,,,,,,,,,,,,,,,,,,,,,,,,,,,,,,,,,,,,,,,,,,,,,,,,,,,,,,0.9907453675452779,,,,,,,,,,,,,,,,,,,,,,,,,,,,,0.9822257494350758,,,,,,,,,,,,,,,,,,,,,,,,,,,,0.9969365284978935,,,,
C0080,,,,,,,,,,,,,,,,,,,,,,,,,,,,,,,,,,,,,,,,,,,,,,,,,,,,,,,,,,,,,,,,,,,,,,,,,,,,,,,,1.0,,,,,,,,,0.9635664785125693,,,,,,,,,,,,,,,,,,,,,0.9996244710313317,,,,,,,,,,,,,,,,,,,,,,,,,,,,,,0.909123163989015,,,,,,,,,,,,,,,,,,,,,,,,,,,,,,,,,,,,,,,,,,,,,,,,,,,,,,,,,,,
C0081,,,,,,,,,,,,,,,,,,,,,,,,0.9874151730663019,,,,,,,,,,,,,,,,,,,,,,,,,,,,,,,,,,,,,,,,,,,,,,,,,,,,,,,,,1.0,,,,,,,,,,,,,,,,,,,,,,,,,,,,,,,,0.987342706539205,,,0.9930893225955503,,,,,,,,,,,,,,,,,,,,,,,,,,,,,,,,,,,,,,,,,,,,,,,,,,,,,,,,,,,,,,,,,,,,,,,,,,,,,,,,,,,
C0082,,,,,,,,,,,,,,,,,,,,,,,,,,,,,,,,,,,,,,,,,,,,,,,,,,,,,,,,,,,,,,,,,,,,,,,,,,,,,,,,,,1.0,,,,,,,,,,,,,,,,,,,,,,,,,,,,,,,,,,,,,,,,,,,,,,,,,,,,,,,,,,,0.9727407988146387,,,,,,,,,,,,,,,,,,,,,,,,,,,,0.9830647707569383,,,,,,,,,,,,,,,,,,,,,,,,,,,,,,0.9725640213506038
C0083,,,,,,,,,,0.9694304423133132,,,,,,,,,,,,,,,,,,,,,,,,0.9160825963911421,,,,,,,,,,,,,,,,,,,,,,,,,,,,,,,,,,,,,,,,,,,0.9943291406753189,,,,,,0.9999999999999998,,,,,,,,,,,,,,,,,,,,,,,,,,,,,,,,,,,,,,,,,,,,,,,,,,,,,,,,,,,,,,,,,,,,,,,,,,,,,,,,,,,,,,,,,,,,,,,,,,,,,,,,,,,,,,,,,,,,
C0084,,,,,,,,,,,,,,,,,,,,,,,,,,,,,,,,,,,,,,,,,,,,,,,,,,,,,,,,,,,,,,,,,,,,0.9665097014574414,,,,,,,,,,,,,,,,1.0,,,,0.968000526911019,,,,,,,,,,,,,,,,,,,,,,,,,,,,,,,,,,,,,,,,,,,,,,,,,,,,,,,,,,,,,,,,,,,,,,,,,,,,,,,,,,,,,,,,,,,,,,,,,,,,,,,0.9710673057146972,,,,,,,,
C0085,,,,,,,,,,,,,,,,,,0.9614187161833515,,,,,,,,,,,,,,,,,,,,,,,,,,,,,,,,,,,,,,,,,,,,,,,,,,,,,,,,,,,,,,,,,,,0.9999999999999999,,,,,,,,,,,,,,,,,,,,,,,,,,,,,,,,0.9728169008689758,,,,,,,,,,,,,,,,,,,,,,,,,,,,,,,0.9725890888074927,,,,,,,,,,,,,,,,,,,,,,,,,,,,,,,,,,,,,,,,,,,,,,,,,,,
C0086,,,,,,,,,,,,,,,,,,,,,,,,,,,,,,,,,,,,,,,,,,,,,,,,,,,,,,,,,,,,,,,,,,,,,,,,,,,,,,,,,,,,,,0.9999999999999999,,,,,,,,,,,,,,,,,,,,,,,,,,,,,,,,,,,,,,,,,,,,,,,,,,,,,,,,,,,,,,,,,,,,,,,,,,,,,,0.9983582182194773,,,,,,,,,,,,,,,0.9917829074874899,,,,,,,,,0.9997962637979628,,,,,,,,,,,
C0087,,,,,,,,,,,,,,,,,,,,,,,0.9894178833864589,,,,,,,,,,,,,,,,,,,,,,,,,,,,,,,,,,,,,,,,,,,,,,,,,,,,,,,,,,,,,,,,1.0,,,,,,,,,,,,,,0.9822583455249122,,,,,,,,,,,,,,,,,,,,,,,,,,,,,,,,,,,,,,,,,,,,,,,,,,,,,,0.9944174180695756,,,,,,,,,,,,,,,,,,,,,,,,,,,,,,,,,,,,,,,,,,,,
C0088,,,,,,,,,,,,,,,,,,,,,,,,,,,,,,,,0.9696499840403575,,,,,,,,,,,,,,,,,0.9709588019454336,,,,,,,,,,,,,,,,,,,,,,,,,,,,,,,,,,,,,,,1.0000000000000002,,,,,,,,,,,,,,,,,,,,,,,,,,,,,,,,,,,,,,,,,,,,,,,,,,,,,,,,,,,,,,,,,,,,,,,,,,,,,,,,,,,,,,,,,,,,,,,,,,,,,,,0.9735725225395001,,,,,,,,
C0089,,,,,,,,,,,,,,,,,,,,,,,,,,,,,,,,,,,,,,,,,,,,,,,,,,,,,,,,,,,,,,,,,,,,,,,,,,,,,,,,0.9635664785125693,,,,,,,,,1.0,,,,,,,,,,,,,,,,,,,,,0.9673951370206816,,,,,,,,,,,,,0.9518701717771788,,,,,,,,,,,,,,,,,,,,,,,,,,,,,,,,,,,,,,,,,,,,,,,,,,,,,,,,,,,,,,,,,,,,,,,,,,,,
C0090,,,,,,,,,,,,,,,,,0.9938677595989726,,,,,,,,,,,,,,,,,,,,,,,,,,,,,,,,,,,,,,,,,,,,,,,,,,,,,,,,,,,,,,,,,,,,,,,,,1.0,,,,,,,,,,,,,,,,,,,,,,,,,,,,,,,,0.9949034753052858,,,,,,,,,,,,,,,,,,,,,,,,,,,,,,,,,,,,,,,,,,,,,,,,,,,,,,,,,,,,,,,,,,,,,,,0.9994931349319662,,,,,,
C0091,0.9651379224485175,,,,,,,,,,,,,,,,,,,,,,,,,,,,,,,,,,,,,,,,,,,,,,,,,,,,,,,,,,,,,,,,,,,,0.9879591350057368,,,,,,,,,,,,,,,,,,,,,,0.9999999999999999,,,,,,,,,,,,,,,,,,,,,,,,,,,,,,,,,,,,,,,,,,,,,,,,,,,,,,,,,,,,,,,,,,,,,,,,,,,,,,,,,,,,,,,,,,,,0.96180428437153,,,,,,,,,,,,,,,,
C0092,,,,,,,,,,,,,,,,,,,,,,,,,,,,,,,,,,0.9452155272732858,,,,,,,,,,,,,,,,,,,,,,0.973971180431358,,,,,,,,,,,,,,,,,,,,,,,,,,,,,,,,,,,,1.0,,,,,,,0.9429656884016147,,,,,,,,,,,,,,,,,,,,,,,,,,,,,,,,,,,,,,,,,,,,,,,,,,,,,,,,,,,,,,,,,,,,,,,,,,,,,,,,,,,,,,,,,,,,,,,,,,,,
C0093,,,,,,,,,,,,,,,,,,,,,,,,,,,,,,,,,,,,,,,,,,,,,,,,,,,,,,,,,,,,,,,,,,,,,,,,,,,,,,,,,,,,,,,,,,,,,0.9999999999999998,,,,,,,,,,,,,,,,0.9908765126872939,,0.9849760674222126,,,,,,,,,,,,,,,,,,,,,,,,,,,,,,,,,,0.9839029238049121,,,,,,,,,,,,,,,,,,,,,,,,,,,,,,,,,,,,,,,,,,,,,,,,,,,,,,
C0094,,,,,,,,,,,,,,,,,,,0.9584205374877391,,,,,,,,,,,,,0.9656707459340826,,,,,,,,,,,,,,,,,,,,,,,,,,,,,,,,,,,,,,,,,,,,,,,,,,,,,,,,,,,,,,1.0000000000000002,,,,,,,,,,,,,,,,,,,,,,,,,,,,,,,,,,,,,,,,,,,,,,,,,,,,,,,,,,,,,,,,,,,0.9570251914504874,,,,,,,,,,,,,,,,,,,,,,,,,,,,,,,,,,,,,,
C0095,,,,,0.9550921671759116,,0.9673834325947076,,,,,,,,,,,,,,,,,,,,,,,,,,,,,,,,,,,,,,,,,,,,,,,,,,,,,,,,,,,,,,,,,,,,,,,,,,,,,,,,,,,,,,,,0.9999999999999999,,,,,,,,,,,,,,,,,,,,,,,,,,,,,,,,,,,,,,,,,,,,,0.9792496813693782,,,,,,,,,,,,,,,,,,,,,,,,,,,,,,,,,,,,,,,,,,,,,,,,,,,,,,,,,,,
C0096,,,,,,,,,,,,,,,,,,,,,,,,,,0.99009238503325,,,,,,,,,,,,,,,,,,,,,,,,,,,,,,,,,,,,,,,,,,,,,,,,,,,,,,,,,,,,,,,,,,,,,,1.0000000000000002,,,,,,,,,,,,,,,,,,0.9831409085200108,,,,,,,,,,,,,,,,,,,,,,,,,,,,,,,,,,,0.975550156650267,,,,,,,,,,,,,,,,,,,,,,,,,,,,,,,,,,,,,,,,,,,,,,,,,,
C0097,,,,,,,,,,,,,,,,,,,,,,,,,,,,,,,,,,,,,,,,,,,,,,,,,,,,,,,,,,,,0.9907415998134939,,,,,,,,,,,,,,,,,,,,,,,,,,,,,,,,,,,,,0.9999999999999998,,,,,,,,,,,,,,,,,,,,,,,,,,,,,,,0.944856170463878,,,,,,,,,,,,,,,,,,,,,,,0.9796768644163584,,,,,,,,,,,,,,,,,,,,,,,,,,,,,,,,,,,,,,,,,,,,,,,,
C0098,,,,,,,,,,,,,,,,,,,,,,,,,,,,,,,,,,,,,,,,,,,,,,,,,,,,,,,,,,,,,,,,,,,,,,,,,,,,,,,,,,,,,,,,,,,,,0.9829202752009496,,,,,1.0,,,,,,,,,,,0.9800685544770308,,0.9859849409782606,,,,,,,,,,,,,,,,,,,,,,,,,,,,,,,,,,,,,,,,,,,,,,,,,,,,,,,,,,,,,,,,,,,,,,,,,,,,,,,,,,,,,,,,
C0099,,,,,,,,,,,,,,,,,,,,,,,,,,,,,,,,,,0.9703919318084749,,,,,,,,,,,,,,,,,,,,,,0.9839954437770626,,,,,,,,,,,,,,,,,,,,,,,,,,,,,,,,,,,,,,,,,,,1.0,,,,,,,,,,,,,,,,,,,,,,,,,,,,,,,,,,,,,,,,,,,,,,,,,,,,,,,,,,,,,,,,,,0.975329590944659,,,,,,,,,,,,,,,,,,,,,,,,,,,,,,,,,,
C0100,,,,,,,,,,,,,,,,,,,,,,,,,,,,,,,,,,,,,,,,,,,,,,,,,,,,,,,,,,,0.9923781754496073,,,,,,,,,,,,,,,,,,,,,,,,,,,,,,,,,,,,,,,,,1.0,,,,0.9925445075764436,,,,,,,,,,,,,,,,,,,,,,,,,,,,,,,,,,,,,,,,,,,,,,,,,,,,,,,,,,,,0.9901798026490118,,,,,,,,,,,,,,,,,,,,,,,,,,,,,,,,,,,
C0101,,,,,,,,,,,,,,,,,,,,,,,,,,,,,,,,,,,,,,,,,,,,,,,,,,,,,,,,,,,,,,,,,,,,,,,,,,,,,,,,,,,,,,,0.9822583455249122,,,,,,,,,,,,,,1.0,,,,,,,,,,,,,,,,,,,,,,,,,,,,,,,,,,,,,,,,,,,,,,,,,,,,,,0.992219200462627,0.9848944730783739,,,,,,,,,,,,,,,,,,,,,,,,,,,,,,,,,,,,,,,,,,,
C0102,,,,,,,,,,,,,,,,,,,,,,,,,,,,0.9985221085310032,,,,,,,,,,,,,,,,,,,,,,,,,,,,,,,,,,,,,,,0.9894722678956512,,,,,,,,,,,,,,,,,,,,,,,,,,,,,,,,,,,1.0,,,,,,,,,,,,,,,,,,,,,,,,,,,,,,,,,,,,,,,,,,,,,,,,,,,,,,,,,,,,,,,,,,,,,,,,,,,,,,,,,,,,,0.9971184541287552,,,,,,,,,,,,
C0103,,,,,,,,,,,,,,,,,,,,,,,,,0.9765904432822733,,,,,,,,,,,,,,,,,,0.979676275102925,,,,,,,,,,,,,,,,,,,,,,,,,,,,,,,,,,,,,,,,,,,,,,,,,,,,,,,,,,,,0.9999999999999999,,,,,,,,,,,,,,,,,,,,,0.9884026247078447,,,,,,,,,,,,,,,,,,,,,,,,,,,,,,,,,,,,,,,,,,,,,,,,,,,,,,,,,,,,,,,,,,,,,,,,,,,
C0104,,,,,,,,,,,,0.991150525983221,,,,,,,,,,,,,,,,,,,,,,,,,,,,,,,,,,,,,,,,,,,,,,,,,,,,,,,,,,,,,,,,,,,,,,,,,,,,,,,,,,,,,,,,0.9925445075764436,,,,1.0000000000000002,,,,,,,,,,,,,,,,,,,,,,,,,,,,,,,,,,,,,,,,,,,,,,,,,,,,,,,,,,,,,,,,,,,,,,,,,,,0.9884352506217092,,,,,,,,,,,,,,,,,,,,
C0105,,,,,,,,,,,,,0.9931204605558104,,,,,,,,,,,,,,,,,,,,,,,,,,,,,,,,,,,,,,,,,,,,,,,,,,,,,,,,,,,,,,,,,,,,,,,,,,,,,,,,,,,,,,,,,,,,0.9999999999999999,,0.9922670189941665,,,,,,,,,,,,,,,,,,,,,,,,,,,,,,,,,,,,,,,,,,,,,,,,,,,,,,,,,,,,,,,,,,,,,,,,,,,0.9911560148700198,,,,,,,,,,,,,,,,,
C0106,,,,,,,,,,,,,,,,,,,,,,,,,,,,,,,0.9795272323752287,,,,,,,,,,,,,,,,,,,,,,,,,,,,,,,,,,,,,,,,,,,,,,,,,,,,,,,,,,,,,,,,,,,,,,,,,,,1.0,,,,,,,,,,,,,,,,,,,,,,,,,,,,,,,,,,,,,,,,,,,,,,,,,,,,,,,,,,,,0.9820236605497604,,,,,,,,,,,,,,,,,,,,,,,,,,,,0.9910771698413305,,,,,
C0107,,,,,,,,,,,,,0.993703352690327,,,0.9993749357952106,,,,,,,,,,,,,,,,,,,,,,,,,,,,,,,,,,,,,,,,,,,,,,,,,,,,,,,,,,,,,,,,,,,,,,,,,,,,,,,,,,,,,,,,,,,1.0000000000000002,,,,,,,,,,,,,,,,,,,,,,,,,,,,,,,,,,,,,,,,,,,,,,,,,,,,,,,,,,,,,,,,,,,,,,,,,,,0.9994867049396438,,,,,,,,,,,,,,,,,
C0108,,,,,,,,,,,,,,,,,,,,,,,,,,,,,,,,,,,,,,,,,,,,,,0.9740814685493457,,,,,,,,,,,,,,,,,,,,,,,,,,,,,,,,,,,,,,,,,,,,,,,,,,,,,,,,,,,,,,0.9999999999999998,,,,,,,,,,,,,,,,,,,,,,,,,,,,,,,,,,,0.9721702295599084,,0.9753782502003879,,,,,,,,,,,,,,,,,,,,,,,,,,,,,,,,,,,,,,,,,,,,,,,,,,,,,,
C0109,,,,,,,,,,,,,,,,,,,,,,,,,,,,,,,,,,,,,,,,,,,,,,,,,,,,,,,,,,,,,,,,,,,,,,,,,,,,,,,,,,,,,,,,,,,,,0.9908765126872939,,,,,0.9800685544770308,,,,,,,,,,,1.0,,0.9869150513875659,,,,,,,,,,,,,,,,,,,,,,,,,,,,,,,,,,,,,,,,,,,,,,,,,,,,,,,,,,,,,,,,,,,,,,,,,,,,,,,,,,,,,,,,
C0110,,,,,,,,,,,,,,,,,,,,,,,,,,,,,,,,,,,,,,,,,,,,,,,,,,,,,,,,,,,,,,,,,,,,,,,,,,,,,,,,0.9996244710313317,,,,,,,,,0.9673951370206816,,,,,,,,,,,,,,,,,,,,,1.0000000000000002,,,,,,,,,,,,,,,,,,,,,,,,,,,,,,0.9089247547769069,,,,,,,,,,,,,,,,,,,,,,,,,,,,,,,,,,,,,,,,,,,,,,,,,,,,,,,,,,,
C0111,,,,,,,,,,,,,,,,,,,,,,,,,,,,,,,,,,,,,,,,,,,,,,,,,,,,,,,,,,,,,,,,,,,,,,,,,,,,,,,,,,,,,,,,,,,,,0.9849760674222126,,,,,0.9859849409782606,,,,,,,,,,,0.9869150513875659,,0.9999999999999998,,,,,,,,,,,,,,,,,,,,,,,,,,,,,,,,,,,,,,,,,,,,,,,,,,,,,,,,,,,,,,,,,,,,,,,,,,,,,,,,,,,,,,,,
C0112,,,,,,,,,,,,,,,,,,,,,,,,,,,,,,,,,,,,,,,,,,,,,,,,,,0.9711244759344128,,,,,,,,,,,,,,,,,,,,,,,,,,,,,,,,,,,,,,,,,,,,,,,,,,,,,,,,,,,,,,1.0,,,,,,,,,,,,,0.9757514831052645,,,,,,,,,,,,,,,,,,,,,,,,,,,,,,,,,,,,,,,,,,,,,,,,,,,,,,,,,,,,0.9983428617296424,,,,,,,,,,,,,,
C0113,,,,0.9891755626341104,,,,,,,,,,,,,,,,,,,,,,,,,,,,,,,,,,,,,,,,,,,,,,,,,,,,,,,,,,,,,,,,,,,,,,,,,,,,,,,,,,,,,,0.9905764307896266,,,,,,,,,,,,,,,,,,,,,,,1.0000000000000002,,,,,,,,,,,,,,,,,,,,,,,,,,,,,,,,,,,,,,,,,,,,,,,,,,,,,,,,,,,,,,,,,,,,,,,,,,,,,,,,0.990901622567476,,,,,,
C0114,,,,,,,,,,,,,,,,,,,,,,,,,,,,,,,,,,,,,,,,,,,,,,,,0.9782139441178239,,,,,,,,,,,,,,,,,,,,,,,,,,,,,,,,,,,,,,,,,,,,,,,,0.9831409085200108,,,,,,,,,,,,,,,,,,1.0,,,0.9850523209632014,,,,,,,,,,,,,,,,,,,,,,,,,,,,,,,,,,,,,,,,,,,,,,,,,,,,,,,,,,,,,,,,,,,,,,,,,,,,,,,,,,
C0115,,,,,,,,,,,,,,,,,,,,,,,,,,,,,,,,,,,,,,,,,,,,,,,,,,0.9999373020625701,,,,,,,,,,,,,,,,0.9713467836206331,,,,,,,,,,,,,,,,,,,,,,,,,,,,,,,,,,,,,,,,,,,,,,,,,0.9999999999999998,,,,,,,,,,,,,,,,,,,,,,,,,,,,,,,,,,,,,,,,,,,,,,,,,,,,,0.9809801689157494,,,,,,,,,,,,,,,,,,,,,,,,,,,,,,,
C0116,,,,,,,,,,,,,,,,,,,,,,,,0.9879178022492319,,,,,,,,,,,,,,,,,,,,,,,,,,,,,,,,,,,,,,,,,,,,,,,,,,,,,,,,,0.9930893225955503,,,,,,,,,,,,,,,,,,,,,,,,,,,,,,,,0.986708364075696,,,1.0000000000000002,,,,,,,,,,,,,,,,,,,,,,,,,,,,,,,,,,,,,,,,,,,,,,,,,,,,,,,,,,,,,,,,,,,,,,,,,,,,,,,,,,,
C0117,,,,,,,,,,,,,,,,,,,,,,,,,,,,,,,,,,,,,,,,,,,,,,,,,,,,,,,,,,,,,,,,,,,,,,,,,,,,,,,,,,,,,,,,,,,,,,,,,,,,,,,,,,,,,,,,,,0.9850523209632014,,,0.9999999999999999,,,,,,,,,,,,,,,,,,,,,,,,,,,,,,,,,,,,,,,,,,,,,,,,,,,,,,,,,,,,,,,,0.9771292722988048,,,,,,,,,,,,,,,,,,0.9841604955234884
C0118,,,,,,,,,,,,,,,,,,,,,0.9933448768599209,,,,,,,,,,,,,,,,,,,,,,,,,,,,,,,,,,,,0.9898904284713588,,,,,,,,,,,,,,,,,,0.9919358691744046,,,,,,,,,,,,,,,,,,,,,,,,,,,,,,,,,,,,,,,,,,,1.0,,,,,,,,,,,,,,,,,,,,,,,,,,,,,,,,,,,,,,,,,,,,,,,,,,,,,,,,,,,,,,,,,,,,,,,,,,,,,,,,,
C0119,,,,,,,,0.9567351181998315,,,,,,,,,,,,,,,,,,,,,,,,,,,,,,,,,,,,,,,,,,,,,,,,,,,,,,,,,,,,,,,,,,,,,,,,,,,,,,,,,,,,,,,,,,,,,,,,,,,,,,,,,,,,,,,1.0,,,,,,,,0.9553615398646296,,,,,,,,,,,,,,,,,,,,,,,,,,,,,,0.9899289485449889,,,,,,,,,,,,,,,,,,,,,,,,,,,,,,,,,,,,,,,,,,
C0120,,,,,,,,,,,,,,,,,,,,,,,,,,,,,,,,,,,,,,,,,,,,,,,,,,0.9410126605732573,,,,,,,,,,,,,,,,,,,,,,,,,,,,,,,,,,,,,,,,,,,,,,,,,,,,,,,,,,,,,,0.9686664463758676,,,,,,,,1.0,,,,,,,,,,,,,,,,,,,,,,,,,,,,,,,,,,,,,,,,,,,,,,,,,,,,,,,,,,,,,,,,,0.9669847774025006,,,,,,,,,,,,,,
C0121,,,,,,,,,,,,,,,,,,,,,,,,,,,,,,,,,,,,,,,,,,,,,,,0.9456012883156576,,,,,,,,,,,,,,,,,,,,,,,,,,,,,,,,,,,,,,,,,,,,,,,,,,,,,,,,,,,,,,,,,,,,,,,,,,1.0,,,,,,,,,,,,,,,,,,,,,,,,,,0.9373133982308547,,,,,,,,,,,,,,,,,,,,,,,,,,,0.9359413262962113,,,,,,,,,,,,,,,,,,,,,,,,,
C0122,,,,,,,,,,,,,,,,,,,,,,,,,,,,,,,,,,,,,,,,,,,,,,,,,,,,,,,,,,,,,,,,,,,,,,,,,,,,,,,,,,,,,,,,,,0.9949034753052858,,,,,,,,,,,,,,,,,,,,,,,,,,,,,,,,0.9999999999999998,,,,,,,,,,,,,,,,,,,,,,,,,,,,,,,,,,,,,,,,,,,,,,,,,,,0.9931310625629557,,,,,,,,,,,,,,,,,,,,0.991189200013966,,,,,,
C0123,,,,,,,,,,,,,,,0.9943946543716887,,,,,,,,,,,,,,,,,,,,,,,,,,,,,,,,,,,,,,,,,,,,,,,,,,,,,,,,,,0.9570324877670989,,,,,,,,,,,,,,,,0.9518701717771788,,,,,,,,,,,,,,,,,,,,,,,,,,,,,,,,,,0.9999999999999999,,,,,,,,,,,,,,,,,,,,,,,,,,,,,,,,,,,,,,,,,,,,,,,,,,,,,,,,,,,,,,,,,,,,,,,,,,,,
C0124,,,,,,,,,,,,,,,,,,,,,,,,,0.9777311179426895,,,,,,,,,,,,,,,,,,,,,,,,,,,,,,,,,,,,,,,,,,,,,,,,,,,,,,,,,,,,,,,,,,,,,,,,,,,,,,0.9884026247078447,0.9735609468760584,,,,,,,,,,,,,,,,,,,,0.9999999999999999,,,,,,,,,,,,,,,,,,,,,,,,,,,,,,,,,,,,,,,,,,,,,,,,,,,,,,,,,,,,,,,,,,,,,,,,,,,
C0125,,,,,,,,,,,,,,,,,,,,,,,0.9909788966929359,,,,,,,,,,,,,,,,,,,,,,,,,,,,,,,,,,,,,,,,,,,,,,,,,,,,,,,,,,,,,,,,,,,,,,,,,,,,,,,,,,,,,,,,,0.9757514831052645,,,,,,,,,,,,,0.9999999999999999,,,,,,,,,,,,,,,,,,,,,,,,,,,,,,,,,,,,,,,,,,,,,,,,,,,,,,,,,,,,,,,,,0.977257528750553,,,,,,,,,
C0126,,,,,,,,,,,0.9953241298290716,,,,,,,,,,,,,,,,0.9759652299745616,,,,,,,,,,,,,,,,,,,,,,,,,,,,,,,,,,,,,,,,,,,0.9741297070387249,,,,,,,,,,,,,,,,,,,,,,,,,,,,,,,,,,,,,,,,,,,,,,,,,,,,,,,,1.0,,,,,,,,,,,,,,,,,,,,,,,,,,,,,,,,,,,,,,,,,,,,,,,,,,,,,,,,,,,,,,,,,,,,,,,,,
C0127,,,,,,,,,,,,,,,,,,,,,,,,,,,,,,,,,,,,,,,,,,,,,,,,,,,,,,,,,,,,,,,,,,,,,,,,,,,,,,,,,,,,,,,,,,,,,,,,,,,,,,,,,,,,,,,,,,,,,,,,,,,,,,,0.9999999999999997,,,,,,,,,,,,,,,,,,,,,,,,,,,,,,0.9814831370549633,,,,,0.9801297864286946,,,,,,,,,,,,,,,,,,0.9733640392817663,,,,,,,,,,,,,,,,,,,
C0128,,,,,,,,,,,,,,0.9637285376377628,,,,,,,,,,,,,,,,,,,,,,,,,,,,,,,,,,,,,,0.9534188170677077,,,,,,,,,,,,,,,,,,,,,,,,,,,,,,,,,,,,,,,,,,,,,,,,,,,,,,,,,,,,,,,,,,,,,,,,,,,,0.9999999999999999,,,,,,,,,,,,,,,,,,,,,,,0.9733770820349618,,,,,,,,,,,,,,,,,,,,,,,,,,,,,,,,,,,,,,,,,,,,,,,,
C0129,,,,,,,,,,,,,,,,,,,,,,,,,,0.9750961388808878,,,,,,,,,,,,,,,,,,,,,,,,,,,,,,,,,,,,,,,,,,,,,,,,,,,,,,,,,,,,,,,,,,,,,,,,,,,,,,,,,,,,,,,,,,,0.9679686952214824,,,,,,,,,,,,0.9999999999999999,,,,,,,,,,,,,,,,,,,,,,,,,,,,,0.9761888076846964,,,,,,,,,,,,,,,,,,,,,,,,,,,,,,,,,,,,,,,,,
C0130,,,,,,,,,,,,,,,,,,,,0.9796100871791686,,,,,,,,,,,,,,,,,,,,,,,,,,,,,,,,,,,,,,,,,,,,,,0.8986895486461229,,,,,,,,,,,,,,,,,,,,,,,,,,,,,,,,,,,,,,,,,,,,,,,,,0.8971680589119628,,,,,,,,,,,,,,,1.0,,,,,,,,,,,,,,,,,,,,,,,,,,,,,,,,,,,,,,,,,,,,,,,,,,,,,,,,,,,,,,,,,,,,,
C0131,,,,,,,,,,,,,,,,,,,,,,,,,,,,,,,,,,,,,,,,,,,,,,,,,,,,,,,,,,,,,,,,,,,,,,,0.9838737034738831,,0.9994798918240122,,,,,,,,,,,,,,,,,,,,,,,,,,,,,,,,,,,,,,,,,,,,,,,,,,,,,,,,,,0.9999999999999999,,,,,,0.9707990183549036,,,,,,,,,,,,,,,,,,,,,,,,,,,,,,,,,,,,,,,,,,,,,,,,,,,,,,,,,,,,,,
C0132,,,,,,,,,,,,,,,,,,,,,,,,,,,,,,,,,,,,,,,,,,,,,,,,,,,,,,,,,,,,,,,,,,,,,,,,,,,,,,,,,,,,,,,,,,,,,,,,,,,,,,,,,,,,,,,,,,,,,,,,,,,,,,,,,,,,1.0000000000000002,,,,,,,,,,0.977138679326411,,,,,,,,,,,0.9686382415390306,,,,,,,,,,,,,,,,,,,,,,,,,,,,,,,,,,,,,,,0.9487092033748975,,,,,,,
C0133,,0.9762944818508306,,,,,,,,,,,,,,,,,,,,,,,,,,,,,,,,,,,,,,,,,,,,,,,,,,,,,,,,,,,,,,,,,,,,,,,,,,,,,,,,,,,,,,,,,,,,,,,,,,,,,,,,,,,,,,,,,,,,,,,,,,,,,,,,,,,0.9999999999999999,0.9721761127732541,,,,,,,,,,,,,,,,,,,,,,,,,0.9769477386010227,,,,,,,,,,,,,,,,,,,,,,,,,,,,,,,,,,,,,,,,
C0134,,0.9858670308830347,,,,,,,,,,,,,,,,,,,,,,,,,,,,,,,,,,,,,,,,,,,,,,,,,,,,,,,,,,,,,,,,,,,,,,,,,,,,,,,,,,,,,,,,,,,,,,,,,,,,,0.9739281717133432,,,,,,,,,,,,,,,,,,,,,,,,,,,,,,0.9721761127732541,1.0,,,,,,,,,,,,,,,,,,,,,,,,,,,,,,,,,,,,,,,,,,,,,,,,,,,,,,,,,,,,,,,,,
C0135,,,,,,0.9884154332662004,,,,,,,,,,,,,,,,,,,,,,,,,,,,,,0.977518344392406,,,,,,,,,,,,,,,,,,,,,,,,,,,,,,,,,,,,,,,,,,,,,,,,,,,,,,,,,,,,,,,,,,,,,,,,,,,,,,,,,,,,,,,,,,,,,,,,,,,1.0,,,,,,,,,,,,,,,,,,,,,,,,,,,,,,,,,,,,,,,,,,,,,,,,,,,0.9804791082865828,,,,,,,,,,,,,
C0136,,,,,,,,,,,,,,,,,,,,,,,,,,,,,,,,,,,,,,0.9941397996797108,,,,,,,,,,,,,,0.9900193230652701,,,,,,,,,,,,,,,,,,,,,,,,,,,,,,,,,,,,,,,,,,,,,,,,,,,,,,,,,,,,,,,,,,,,,,,,,,,,,,,,,,,,0.9999999999999999,,,,,,,,,,,,,,,,,,,,,,,,0.9961393634405196,,,,,,,,,,,,,,,,,,,,,,,,,,,,,,,,,,,,,,,
C0137,,,,,,,,,,,,,,,,,,,,,,,,,,,,,,,,,,,,,0.9679334440777666,,,,,,,,,,,,,,,,,,,,,,,,,,,,,,,,,,0.9835908774010272,,,,,,,,,,,,,,,,,,,,,,,,,,,,,,,,,,,,,,,,,,,,,,,,,,,,,,,,,,,,0.9707990183549036,,,,,,1.0000000000000002,,,,,,,,,,,,,,,,,,,,,,,,,,,,,,,,,,,,,,,,,,,,,,,,,,,,,,,,,,,,,,
C0138,,,,,,,,,,,,,,,,,,,,,,,,,,,,,,,,,,,,,,,,,,,,,,,,,,,,,,,,,,,,,,,,,,,,,,,,,,,,,,,0.9907453675452779,,,,,,,,,,,,,,,,,,,,,,,,,,,,,,,,,,,,,,,,,,,,,,,,,,,,,,,,,,,1.0000000000000002,,,,,,,,,,,,,,,,,,,,,,,,,,,,,,,,,,,,,,,,0.9820142208029661,,,,,,,,,,,,,,,,,0.9813248018319419,,,,
C0139,,,,,,,,,,,,,,,,,,,,,,,,,,,,,,,,,,,,,,,,,,,,,,,,,,,,,,,,,,,,,,,,,,,,,,,0.9405597181879619,,,,,,,,,,,,,,,,,,,,,,,,,,,,,,,,,,,,,,,,,,,,,,,,,,,,,,,,,,,,,,,,,,0.950180066109554,,1.0000000000000002,,,,,,,,0.9640932021169749,,,,,,,,,,,,,,,,,,,,,,,,,,,,,,,,,,,,,,,,,,,,,,,,,,,,
C0140,,,,,,,0.9478634981020113,,,,,,,,,,,,,,,,,,,,,,,,,,,,,,,,,,,,,,,,,,,,,,,,,,,,,,,,,,,,,,,,,,,,,,,,,,,,,,0.9552145614655643,,,,,,,,,,0.9792496813693782,,,,,,,,,,,,,,,,,,,,,,,,,,,,,,,,,,,,,,,,,,,,,1.0000000000000002,,,,,,,,,,,,,,,,,,,,,,,,,,,,,,,,,,,,,,,,,,,,,,,,,,,,,,,,,,,
C0141,,,,,,,,,,,,,,,,,,,,,,0.9798082443316434,,,,,,,,,,,,,,,,,,,,,,,,,,,,,,,,,,,,,,,,,,,,,,,,,,,,,,,,,,,,,,,,,,,,,,,,,,,,,,,,,,,,,,,,,,,,,,,,,,,,,,,,,,,,,,,,,,,,,,,0.9999999999999999,,0.9829331272355409,,,,,,,,,,,,,,,,,,,,,,,,,,0.9776290084626569,,,,,,,,,,,,,,,,,,,,,,,,,,,,,,
C0142,,,,,,,,,,,,,,,,,,,,,,,,,,,,,,,,,,,,,,,,,,,,,,,,,,,,,,,,,,,,,,,,,,,,,,,,,,,,,,,,,,,,,,,,,,,,,,,,,,,,,,,,,,,,,,,,,,,,,,,,,,,,,,,,,,,,0.977138679326411,,,,,,,,,,1.0,,,,,,,,,,,0.9821531817058077,,,,,,,,,,,,,,,,,,,,,,,,,,,,,,,,,,,,,,,0.9710829216029686,,,,,,,
C0143,,,,,,,,,,,,,,,,,,,,,,,,,,,,,,,,,,,,,,,,,,,,,,0.9875158344306328,,,,,,,0.9934481319655702,,,,,,,,,,,,,,,,,,,,,,,,,,,,,,,,,,,,,,,,,,,,,,,,,,,,,,,,,,,,,,,,,,,,,,,,,,,,,,,,,,,,,,,,,,0.9999999999999998,,0.9900859783062109,,,,,,,,,,,,,,,,,,,,,,,,,,,,,,,,,,,,,,,,,,,,,,,,,,,,,,
C0144,,,,,,,,,,,,,,,,,,,,,,,,,,,,,,,,,,,,,,,,,,,,,,,,,,,,,,,,,,,,,,,,,,,,,,,,,,,,,,,,,,,,,,,,,,,,,,,,,,,,,,,,,,,,,,,,,,,,,,,,,,,,,,,,,,,,,0.946585367071071,,,,,,,,,,,0.9999999999999999,,,,,,,,,,,,,,,0.9569676219530299,,,,,,,,0.9462495505128833,,,,,,,,,,,,,,,,,,,,,,,,,,,,,,,,
C0145,,,,,,,,,,,,,,,,,,,,,,0.9840829172492508,,,,,,,,,,,,,,,,,,,,,,,,,,,,,,,,,,,,,,,,,,,,,,,,,,,,,,,,,,,,,,,,,,,,,,,0.9839029238049121,,,,,,,,,,,,,,,,,,,,,,,,,,,,,,,,,,,,,,,,,,,,,,,,,,0.9900859783062109,,0.9999999999999998,,,,,,,,,,,,,,,,,,,,,,,,,,,,,,,,,,,,,,,,,,,,,,,,,,,,,,
C0146,0.9893593019263518,,,,,,,,,,,,,,,,,,,,,,,,,,,,,,,,,,0.999994088866407,,,,,,,,,,,,,,,,,,,,,,,,,,,,,,,,,,,,,,,,,,,,,,,,,,,,,,,,,,,,,,,,,,,,,,,,,,,,,,,,,,,,,,,,,,,,,,,,,,,,,,,,,,,,,,,0.9999999999999998,,,,,,,,,,,,,,,,,,,,,,,,,,,,,,,,,,,,,,,,,,,0.9768657270294846,,,,,,,,,,
C0147,,,,,,,,,,,,,,,,,,,,,,,,0.9585289864674069,,,,,,,,,,,,,,,,,,,,,,,,,,,,,,,,,,,,,,,,,,,,,,,,,,,,,,,,,,,,,,,,,,,,,,,,,,,,,,,,,,,,,,,,,,,,0.9591333768010427,,,,,,,,,,,,,,,,,,,,,,,0.9640932021169749,,,,,,,,0.9999999999999997,,,,,,,,,,,,,,,,,,,,,,,,,,,,,,,,,,,,,,,,,,,,,,,,,,,,
C0148,,,,,,,,,,,,,,,,,,,,,,,,,,,,,,,,,,,,,,,,,,,,,,,,,,,,,,,,,,,,,,,,,,,,,,,,,,,,,,,,,,,,,0.9725890888074927,,,,,,,,,,,,,,,,,,,,,,,,,,,,,,,,,,,,,,,,,,,,,,,,,,,,,,,,,,,,,,,1.0000000000000002,,,,,,,,,,,,,,,,,,,,,,0.9773848403479619,,,,,,,,,,,0.9775088491268275,,,,,,,,,,,,,,,,,,
C0149,,,,,,,,,,,,,,,,,,,,,,,,,,0.9853074105006939,,,,,,,,,,,,,,,,,,,,,,0.9780347138686897,,,,,,,,,,,,,,,,,,,0.9777071877835511,,,,,,,,,,,,,,,,,,,,,,,,,,,,,,,,,,,,,,,,,,,,,,,,,,,,,,,,,,,,,,,,,,,,,,,,,,,,,,,,,,1.0000000000000002,,,,,,,,,,,,,,,,,,,,,,,,,,,,,,,,,,,,,,,,,,,,,,,,,,
C0150,,,,,,,,,,,,,,,,,,,,,,,,,,,,,,,,,,,,,,,,0.8763748680197833,,,,,,,,,,,,,,,,,,0.9792339500411805,,,,,,,,,,,,,,,,,,,,0.8697658246712449,,,,,,,,,,,,,,,,,,,,,,,,,,,,,,,,,,,,,,,,,,,,,,,,,,,,,,,,,,,,,,,,,,,,,,,,1.0000000000000002,,,,,,,,,,,,,,,,,,,,,,,,,,,,,,,,,,,,,,,,,,,,,,,,,
C0151,,,,,,,,,,,,,,0.9815232462521732,,,,,,,,,,,,,,,,,,,,,,,,,,,,,,,,,,,,,,,,,,,,,,,,,,,,,,,,,,,,,,,,,,,,,,,,,,,,,,,,,,,0.9796768644163584,,,,,,,,,,,,,,,,,,,,,,,,,,,,,,,0.9733770820349618,,,,,,,,,,,,,,,,,,,,,,,1.0,,,,,,,,,,,,,,,,,,,,,,,,,,,,,,,,,,,,,,,,,,,,,,,,
C0152,,,,,,,,,,,,0.9921162413339101,,,,,,,,,,,,,,,,,,,,,,,,,,,,,,,,,,,,,,,,,,,,,,,,,,,,,,,,,,,,,,,,,,,,,,,,,,,,,,,,,,,,,,,,,,,,,,,,,,,,,,,,,,,,,,,,,,,,,,,,,,,,,,,,,,,,,,,,,,,,1.0000000000000002,,,,,,,,,,,0.9808610914165243,,,,,,,,,,,,,,,,0.9864325051164419,,,,,,,,,,,,,,,,,,,,
C0153,,,,,,,,,,,,,,,,,,,,,,,,,,,,,,,,,,,,,,,,,,,,,,,,,,,,,,,,,,,,,,,,,,,,,,,,,,,,,,,,,,,,,,,,,,,,,,,,,,,,,,,,,,,,,,,,,,,,,,,,,,,,,,0.9729047237479725,,,,,,0.9686382415390306,,,,,,,,,,0.9821531817058077,,,,,,,,,,,1.0,,,,,,,,,,,,,,,,,,,,,,,,,,,,,,,,,,,,,,,,,,,,,,
C0154,,,,,,,,,,,,,,,,,,,,,,,,,,,,,,,,,,,,,,,0.9977000167802843,,,,,,,,,,,,,,,,,,,,,,,,,,,,,,,,,,,,,,,,,,,,,,,,,,,,,,,,,,,,,,,,,,,,,,,,,,,,,,,,,,,,,,,,,,,,,,,,,,,,,,,,,,,,,,,,,,,1.0,,,,,,,,0.9927745359113149,,,,,,,,,,,,,,,,,,0.9988100228570534,,,,,,,,,,,,,,,,,,,
C0155,,,,,,,,,,,,,,,,,,,,,,,0.990032329344662,,,,,,,,,,,,,,,,,,,,,,,,,,,,,,,,,,,,,,,,,,,,,,,,,,,,,,,,,,,,,,,,0.9944174180695756,,,,,,,,,,,,,,0.992219200462627,,,,,,,,,,,,,,,,,,,,,,,,,,,,,,,,,,,,,,,,,,,,,,,,,,,,,,0.9999999999999998,,,,,,,,,,,,,,,,,,,,,,,,,,,,,,,,,,,,,,,,,,,,
C0156,,,,,,,,,,,,,,,,,,,,,,,,,,,,,,,,,,,,,,,,,,,,,,,,,,,,,,,,,,,,,,,,,,,,,,,,,,,,,,,,,,,,,,,,,,,,,,,,,,,,,0.9848944730783739,0.9632124985862168,,,,,,,,,,,,,,,,,,,,,,,,,,,,,,,,,,,,,,,,,,,,,,,,,,,,,,0.9999999999999998,,,,,,,,,0.9719612792248893,,,,,,,,,,,,,,,,,,,,,,,,,,,,,,,,,,
C0157,,,,,,,,,,,,,,,,,,,,,,,,,,,,,,,,,,,,,,,,,,,,,,,,,,,,,,,,,,,,,,,,,,,,,,,,,,,,,,,,,,,,,,,,,,,,,,,,,,,,,,,,,,,,,,,,,,,,,,,0.9899289485449889,,,,,,,,0.9814831370549633,,,,,,,,,,,,,,,,,,,,,,,,,,,,,,1.0000000000000002,,,,,0.9757469239811807,,,,,,,,,,,,,,,,,,,,,,,,,,,,,,,,,,,,,
C0158,,,0.9864000084328864,,,,,,,,,,,,,,,,,,,,,,,,,,,,,,,,,,,,,,,,,,,,,,,,,,,,,,,,,,,,,,,,,,,,,,,,,,,,,,,,,,,,,,,,,,,,,,,,,,,,,,,,,,,,,,,,,,,,,,,,,,,,,,,,,,,,,,,,,,,,,,,,,,,,,,,,,,,1.0000000000000002,,,,,,,,,,,,0.9830227404825191,,,,,,,,,,,0.982901346241458,,,,,,,,,,,,,,,,,,
C0159,,,,,,,,,,,,,,,,,,,,,,,,,,,,,,,,,,,,,,,,,,,,,,,,,,,,,,,,,,,,,,,,,,,,,,,,,,,,,,,,,,,,,,,,,,,,,,,,,,,,,,,,,,,,,,,,,,,,,,,,,,,,,,,,,,,,,0.9769477386010227,,,,,0.9613177325908603,,,,,,,,,,,,,,,,,,,,,1.0,,,,,,,,,,,,,,,,,,,0.9706595429120993,,,,,,,,,,,,,,,,,,,,,
C0160,,,,,,,,,,,,,,,,,,,,,,,,,,,,,,,,,,,,,,0.9993372951733328,,,,,,,,,,,,,,0.9847916601889107,,,,,,,,,,,,,,,,,,,,,,,,,,,,,,,,,,,,,,,,,,,,,,,,,,,,,,,,,,,,,,,,,,,,,,,,,,,,,,,,,,,,0.9961393634405196,,,,,,,,,,,,,,,,,,,,,,,,1.0,,,,,,,,,,,,,,,,,,,,,,,,,,,,,,,,,,,,,,,
C0161,,,,,,,,,,,,,,,,,0.9615494460997175,,,,,,,,,,,,,,,,,,,,,,,,,,,,,,,,,,,,,,,,,,,,,,,,,,,,,,,,,,,,,,,,,,,,,,,,,,,,,,,,,,,,,,,,,,,,,,,,,,,,,0.9676782510843341,,,,,,,,,,,,,,,,,,,,,,,,,,,,,,,,,,,,,,,,,,,1.0,,,,,,,,,,,,,,0.9692855601709158,,,,,,,,,,,,,,,,,,,,,,,,
C0162,,,,,,,,,,,,,,,,,,,,,,,,,,,,,,,,,,,,,,,0.9850723347825492,,,,,,,,,,,,,,,,,,,,,,,,,,,,,,,,,,,,,,,,,,,,,,,,,,,,,,,,,,,,,,,,,,,,,,,,,,,,,,,,,,,,,,,,,,,,,,,,,,,,,,,,,,,,,,,,,,,0.9927745359113149,,,,,,,,1.0,,,,,,,,,,,,,,,,,,0.9954919809387864,,,,,,,,,,,,,,,,,,,
C0163,,,0.9755028184233692,,,,,,,,,,,,,,,,,,,,,,,,,,,,,,,,,,,,,,,,,,,,,,,,,,,,,,,,0.9826142082548158,,,,,,,,,,,,,,,,,,,,,,,,,,,,,,,,,,,,,,,,,,,,,,,,,,,,,,,,,,,,,,,,,,,,,,,,,,,,,,,,,,,,,,,,,,,,,0.9808610914165243,,,,,,,,,,,0.9999999999999999,,,,,,,,,,,,,,,,,,,,,,,,,,,,,,,,,,,,
C0164,,,,,,,,,,,,,,,,,,,,,,,,,,,,,,,,,,,,,,,,,,,,,,,,,,,,,,,,,,,,,,,,,,,,,,,,,,,,,,,,,,,,,,0.9983582182194773,,,,,,,,,,,,,,0.9901798026490118,,,,,,,,,,,,,,,,,,,,,,,,,,,,,,,,,,,,,,,,,,,,,,,,,,,,,,,,,,,,,,,,1.0,,,,,,,,,,,,,,,,,,,,,,,,0.9969986473878453,,,,,,,,,,,
C0165,,,,,,,,,,,,,,,,,,,,,,,,,,,,,,,,,,,,,,,,,,,,,,,,,,,,,,,,,,,,,,,,,,,,,,,,,,,,,,,,,,,,,,,,,,,,,,,,,,,0.975329590944659,,,,,,,,,,,,,,,,,,,,,,,,,,,,,,,,,,,,,,,,,,,,,,,,,,,,,,0.963997353873569,,,0.9719612792248893,,,,,,,,,0.9999999999999999,,,,,,,,,,,,,,,,,,,,,,,,,,,,,,,,,,
C0166,,,0.9978888705259722,,,,,,,,,,,,,,,,,,,,,,,,,,,,0.9959368700625353,,,,,,,,,,,,,,,,,,,,,,,,,,,,,,,,,,,,,,,,,,,,,,,,,,,,,,,,,,,,,,,,,,,,,,,,,,,,,,,,,,,,,,,,,,,,,,,,,,,,,,,,,,,,,,,,,,,,,,,,,,,,,,,,,,,,,,,0.9999999999999999,,,,,,,,,,,,,,,,,,,,,,,,,,,,0.9866711680043417,,,,,
C0167,,,,,,,,,,,,,,,,,,,,,,,,,,,,,,,,,,,,0.9939216605900004,,,,,,,,,,,,,,,,,,,,,,,,,,,,,,,,,,,,,,,,,,,0.9822257494350758,,,,,,,,,,,,,,,,,,,,,,,,,,,,,,,,,,,,,,,,,,,,,,,,,,,,,,,,,,,,,,,,,,,,,,,,,,,,,,,,,,,,,,,,0.9999999999999998,,,,,,,,,,,,,,,,,0.9819234204166001,,,,,,,,,,,,,,,
C0168,,,,,,,,,,,,,,,,,,,,,,,,,,,,,,,,,,,,,,,,,,,,,,,,,,0.9801955424154783,,,,,,,,,,,,,,,,,,,,,,,,0.9677943401582152,,,,,,,,,,,,,,,,,,,,,,,,,,,,,,,,,,,,,,,,,0.9809801689157494,,,,,,,,,,,,,,,,,,,,,,,,,,,,,,,,,,,,,,,,,,,,,,,,,,,,,1.0,,,,,,,,,,,,,,,,,,,,,,,,,,,,,,,
C0169,,,,,,,,,,,,,,,,,,,,,,0.9817345986439018,,,,,,,,,,,,,,,,,,,,,,,,0.9847465070120679,,,,,,,,,,,,,,,,,,,,,,,,,,,,,,,,,,,,0.9830647707569383,,,,,,,,,,,,,,,,,,,,,,,,,,,,,,,,,,,,,,,,,,,,,,,,,,,,,,,,,,,,,,,,,,,,,,,,,,,,,,,,,,,,,,,0.9999999999999999,,,,,,,,,,,,,,,,,,,,,,,,,,,,,,
C0170,,,,,,,,,,,,,,,,,,,,,,,,,,,,,,,,,,,,,,,,,,,,,,,,,,,,,0.9876294990350478,,,,,,,,,,,,,,,,,,,,,,,,,,,,,,,,,,,,,,,,,,,,,,,,,,,,,,,,,,,,,,,,,,,,,,,,,,,,,,,,,,,,,,,,,,,,,,,,,,,,,,,,,0.9830227404825191,,,,,,,,,,,,0.9999999999999998,,,,,,,,,,,0.9999869943882079,,,,,,,,,,,,,,,,,,
C0171,,,,,,,,,,,,,,,,,,,,,,,,,,,,,,,,,,,,,,,,,,,,,,,,,,,,,,,,,,,,,,,,,,,,,,0.9596436773850251,,,,,,,,,,,,,,,,,,,,,,,,,,,,,,,,,,,,,,,,,,,,,,,,,,,,,,,,,,,,,,,,,,,,,,,,0.9598749770997672,,,,,,,,,,,,,,,,,,,,,,,,,,,,,0.9999999999999998,,,,,,,,,,,,,,,,,,,,,0.9914632019250524,,,,,,,
C0172,,,,,,,,,,,,0.9648972025975475,,,,,,,,,,,,,,,,,,,,,,,,,,,,,,,,,,,0.9906450667831765,,,,,,,,,,,,,,,,,,0.9670285465717735,,,,,,,,,,,,,,,,,,,,,,,,,,,,,,,,,,,,,,,,,,,,,,,,,,,,,,,,,,,,,,,,,,,,,,,,,,,,,,,,,,,,,,,,,,,,,,,,,,,,,,,,,,,0.9999999999999997,,,,,,,,,,,,,,,,,,,,,,,,,,,
C0173,,,,,,,,,,,,,,,,,,,,,,,,,,,,,,,,,,,,,,,,,,,,,,,,,,,,,,,,,,,,,,,,,,,,,,,,,,,,,,,,,,,,,,,,,,0.9875074972743096,,,,,,,,,,,,,,,,,,,,,,,,,,,,,,,,0.9931310625629557,,,,,,,,,,,,,,,,,,,,,,,,,,,,,,,,,,,,,,,,,,,,,,,,,,,0.9999999999999998,,0.9885442496387103,,,,,,,,,,,,,,,,,,,,,,,,
C0174,,,,,,,,,,,,,,,,,0.9616338101037348,,,,,,,,,,,,,,,,,,,,,,,,,,,,,,,,,,,,,,,,,,,,,,,0.9847863926096172,,,,,,,,,,,,,,,,,,,,,,,,,,,,,,,,,,,,,,,,,,,,,,,,,,,,,,,,,,,,,,,,,,,,,,,,,,,,,,,,,,,,,,,,,,,,,,,,,,,,,,,,,,,,,,0.9999999999999999,,,0.9845705684522758,,,,,,,,,,,,,,,,,,,,,,
C0175,,,,,,,,,,,,,,,,,0.9795100767140718,,,,,,,0.983397164241572,,,,,,,,,,,,,,,,,,,,,,,,,,,,,,,,,,,,,,,,,,,,,,,,,,,,,,,,,,,,,,,,,,,,,,,,,,,,,,,,,,,,,,,,,,,,,,,,,,,,,,,,,,,,,,,,,,,,,,,,,,,,,,,,,,,,,,,,,,,,,,,,,,,,,0.9885442496387103,,0.9999999999999999,,,,,,,,,,,,,,,,,,,,,,,,
C0176,,,,,,,,,,,,,,,,,,,,,,,,,,,,,,,,,,,,,,,,,,0.9998760911489515,,,,,,,,,,,,,,,,,,,0.9989332351225971,,,,,,,,,,,,,,,,,,,,,,,,,,,,,,,,,,,,,,,,,,,,,,,,,,,,,,,,,,,,,,,,,,,,,,,0.933171169402063,,,,,,,,,,,,,,,,,,,,,,,,,,,,,,,,,,,,,,,,,,,,1.0000000000000002,,,,,,,,,,,,,,,,,,,,,,,
C0177,,,,,,,,,,,,,,,,,,0.9692529453614016,,,,,,,,,,,,,,,,,,,,,,,,,,,,,,,,,,,,,,,,,,,,,,0.9876163501108488,,,,,,,,,,,,,,,,,,,,,,,,,,,,,,,,,,,,,,,,,,,,,,,,,,,,,,,,,,,,,,,,,,,,,,,,,,,,,,,,,,,,,,,,,,,,,,,,,,,,,,,,,,,,,,0.9845705684522758,,,0.9999999999999999,,,,,,,,,,,,,,,,,,,,,,
C0178,,,,,,,,,,,,,,,,,,,,,,,,,,,,,,,,,,,,,0.9781250157301997,,,,,,,,,,,,,,,,,,,,,,,,,,,,,,,,,,,,,,,,,,,,,,,,,,,,,,,,,,,,,,,,,,,,,,,,,,,,,,,,,,,,,,,,,,,,,,,,,,,,,0.9820142208029661,,,,,,,,,,,,,,,,,,,,,,,,,,,,,,,,,,,,,,,,1.0,,,,,,,,0.9745268352937115,,,,,,,,,,,,,
C0179,,,,,,,,,,,,,,,,,,,,,,,,,,,,,,,,,,,,,,,,,,,,,,,,,,,,,,,,,,,,,,,,,,,,,,,,,,,,,,,,,,,,,,0.9917829074874899,,,,,,,,,,,,,,,,,,,,,,,,,,,,,,,,,,,,,,,,,,,,,,,,,,,,,,,,,,,,,,,,,,,,,,,,,,,,,,0.9887769874237452,,,,,,,,,,,,,,,1.0,,,,,,,,,0.9920663181522965,,,,,,,,,,,
C0181,,,,,,,,,,,,,,,,,,,,,,,,,,,,,,,,,,,,,,,0.9932069311666354,,,,,,,,,,,,,,,,,,,,,,,,,,,,,,,,,,,,,,,,,,,,,,,,,,,,,,,,,,,,,,,,,,,,,,,,,,,,,,,,,,,,,,,,,,,,,,,,,,,,,,,,,,,,,,,,,,,0.9988100228570534,,,,,,,,0.9954919809387864,,,,,,,,,,,,,,,,,,0.9999999999999997,,,,,,,,,,,,,,,,,,,
C0182,,,,,,,,,,,,,,,,,,,,,,,,,,,,,,,,,,,,,,,,,,,,,,,,,,,,,0.9872993284955401,,,,,,,,,,,,,,,,,,,,,,,,,,,,,,,,,,,,,,,,,,,,,,,,,,,,,,,,,,,,,,,,,,,,,,,,,,,,,,,,,,,,,,,,,,,,,,,,,,,,,,,,,0.982901346241458,,,,,,,,,,,,0.9999869943882079,,,,,,,,,,,0.9999999999999997,,,,,,,,,,,,,,,,,,
C0183,,,,,,,,,,,,,0.9931874477668671,,,0.9999944981594442,,,,,,,,,,,,,,,,,,,,,,,,,,,,,,,,,,,,,,,,,,,,,,,,,,,,,,,,,,,,,,,,,,,,,,,,,,,,,,,,,,,,,,,,,,,0.9994867049396438,,,,,,,,,,,,,,,,,,,,,,,,,,,,,,,,,,,,,,,,,,,,,,,,,,,,,,,,,,,,,,,,,,,,,,,,,,,1.0,,,,,,,,,,,,,,,,,
C0184,,,,,,,,,,,,,,,,,,,,,,,,,,,,,,,,,,,,,,,,,,,,,,,,,,,,,,,0.9791448543186366,,,,,,,,,,,,0.9689300590991711,,,,,,,,,,,,,,,,,,,,,,,,,,,,,,,,,,,,,,,,,,,,,,,,,,,,,,,,,,,,,,,,,,,,,,,,,,,,,,,,,,,,,,,,,,,,,,,,,,,,,,,,,,,,,,,,,,,,0.9999999999999999,,,,,,0.97591990761837,,,,,,,,,,
C0185,,,,,,0.9769363267901823,,,,,,,,,,,,,,,,,,,,,,,,,,,,,,,,,,,,,,,,,,,,,,,,,,,,,,,,,,,,,,,,,,,,,,,,,,,,,,,,,,,,,,,,,,,,,,,,,,,,,,,,,,,,,,,,,,,,,,,,,,,,,,,,,,,,,,,,,,,,,,,,,,,,,,,,,,,,,,,,,0.9819234204166001,,,,,,,,,,,,,,,,,1.0,,,,,,,,,,,0.9782799091206811,,,,
C0186,,,,,,,,,,,,,,,,,,,,,,,,,,,,,,,,,,,,,,,,,,,,,,,,,,,,,,,,,,,,,,,,,,,,,,,,,,,,,,,,,,,,,,,,,,,,,,,,,,,,,,,,,,,,,,,,0.9983428617296424,,,,,,,,0.9669847774025006,,,,,0.9715838416960584,,,,,,,,,,,,,,,,,,,,,,,,,,,,,,,,,,,,,,,,,,,,,,,,,,,,,,,,,,,,1.0000000000000002,,,,,,,,,,,,,,
C0187,,,,,,,,,,,,,,,,,,,,,,,,,,,,,,,,,,,,,,,,,,,,,,,,,,,,,,,,,,,,,,,,,,,,,,,,,,,,,,,0.9822221955653292,,,,,,,,,,,,,,,,,,,,,,,,,,,,,,,,,,,,,,,,,,,,,,,,,,,,,,,,0.9804791082865828,,,0.9788868497985062,,,,,,,,,,,,,,,,,,,,,,,,,,,,,,,,,,,,,,,,,,,,,,,,0.9999999999999999,,,,,,,,,,,,,
C0188,,,,,,,,,,,,,,,,,,,,,,,,,,,,0.9997676038362346,,,,,,,,,,,,,,,,,,,,,,,,,,,,,0.9893640843495574,,,,,,,,,,,,,,,,,,,,,,,,,,,,,,,,,,,,,,,,,,,,,0.9971184541287552,,,,,,,,,,,,,,,,,,,,,,,,,,,,,,,,,,,,,,,,,,,,,,,,,,,,,,,,,,,,,,,,,,,,,,,,,,,,,,,,,,,,,0.9999999999999996,,,,,,,,,,,,
C0189,,,,,,,,,,,,,,,,,,,,,,,,,,,,,,,,,,,,,,,,,,,,,,,,,,,,,,,,,,,,,,,,,,,,,,,,,,,,,,,,,,,,,,0.9997962637979628,,,,,,,,,,,,,,,,,,,,,,,,,,,,,,,,,,,,,,,,,,,,,,,,,,,,,,,,,,,,,,,,,,,,,,,,,,,,,,0.9969986473878453,,,,,,,,,,,,,,,0.9920663181522965,,,,,,,,,0.9999999999999999,,,,,,,,,,,
C0190,,,,,,,,,,,,,,,,,,,,,,,,,,,,,,,,,,,,,,,,,,,,,,,,0.9910763758765103,,,0.9870469728408734,,,,0.9997616986938355,,,,,,,,,,,,,,,,,,,,,,,,,,,,,,,,,,,,,,,,,,,,,,,,,,,,,,,,,,,,,,,,,,,,,,,,,,,,,,,,,,,,,,,,,,,,,,,,,,,,,,,,,,,,,,,,,,,,,,,,,,,,,,,,,,,,,,0.9999999999999997,,,,,,,,,,
C0191,,,,,,,,,,,,,,,,,,,,,,,0.9825440614053167,,,,,,,,,,,,,,,,,,,,,,,,,,,,,,,,,,,,,,,,,,,,,,,,,,,,,,,,,,,,,,,,,,,,,,,,,,,,,,,,,,,,,,,,,,,,,,,,,,,,,,0.977257528750553,,,,,,,,,,,,,,,,,,,,,,,,,,,,,,0.9760828242334262,,,,,,,,,,,,,,,,,,,,,,,,,,,,,,,,,,,1.0,,,,,,,,,
C0192,,,,,,,,,,,,,,,,,,,,,,,,,,,,,,,,,,,,,,,,,,,,,,,,,,,,,,,,,,,,,,,,,,,,,,,,,,,,,,,,,,,,,,,,0.9735725225395001,,,,,,,,,,,,,,,,,0.9809088515902209,,0.9714623516375401,,,,,,,,,,,,,,,,,,,,,,,,,,,,,,,,,,,,,,,,,,,,,,,,,,,,,,,,,,,,,,,,,,,,,,,,,,,,,,,,,,,,1.0,,,,,,,,
C0193,,,,,,,,,,,,,,,,,,,,,,,,,,,,,,,,,,,,,,,,,,,,,,,,,,,,,,,,,,,,,,,,,,,,,,0.9534078064241089,,,,,,,,,,,,,,,,,,,,,,,,,,,,,,,,,,,,,,,,,,,,,,,,,,,,,,,,,,,,,,,,,,,,,,,,0.9710829216029686,,,,,,,,,,,,,,,,,,,,,,,,,,,,,0.9914632019250524,,,,,,,,,,,,,,,,,,,,,1.0,,,,,,,
C0194,,,,,,,,,,,,,,,,,0.9934152728896554,,,,,,,,,,,,,,,,,,,,,,,,,,,,,,,,,,,,,,,,,,,,,,,,,,,,,,,,,,,,,,,,,,,,,,,,,0.9994931349319662,,,,,,,,,,,,,,,,,,,,,,,,,,,,,,,,0.991189200013966,,,,,,,,,,,,,,,,,,,,,,,,,,,,,,,,,,,,,,,,,,,,,,,,,,,,,,,,,,,,,,,,,,,,,,,1.0,,,,,,
C0195,,,,,,,,,,,,,,,,,,,,,,,,,,,,,,,0.9854859330452879,,,,,,,,,,,,,,,,,,,,,,,,,,,,,,,,,,,,,,,,,,,,,,,,,,,,,,,,,,,,,,,,,,,,,,,,,,,0.9910771698413305,,,,,,,,,,,,,,,,,,,,,,,,,,,,,,,,,,,,,,,,,,,,,,,,,,,,,,,,,,,,0.9866711680043417,,,,,,,,,,,,,,,,,,,,,,,,,,,,0.9999999999999997,,,,,
C0196,,,,,,,,,,,,,,,,,,,,,,,,,,,,,,,,,,,,,,,,,,,,,,,,,,,,,,,,,,,,,,,,,,,,,,,,,,,,,,,0.9969365284978935,,,,,,,,,,,,,,,,,,,,,,,,,,,,,,,,,,,,,,,,,,,,,,,,,,,,,,,,,,,0.9813248018319419,,,,,,,,,,,,,,,,,,,,,,,,,,,,,0.9804761008122033,,,,,,,,,,,,,,,,,,,,,,,,,,,,0.9999999999999997,,,,
C0197,,,,,0.9995893278662604,,0.9876106635849663,,,,,,,,,,,,,,,,,,,,,,,,,,,,0.9694344287058099,,,,,,,,,,,,,,,,,,,,,,,,,,,,,,,,,,,,,,,,,,,,,,,,,,,,,,,,,,,,,,,,,,,,,,,,,,,,,,,,,,,,,,,,,,,,,,,,,,,,,,,,,,,,,,,,,,,,,,,,,,,,,,,,,,,,,,,,,,,,,,,,,,,,,,,,,,,,,,,,,1.0000000000000002,,,
C0198,,,,,,,,,,,,,,,,,,,,,,,,,,,,,,,,,,,,,,,,,,,,,,,,,,,,,,,,,,,,,,,,,,0.9341728247723765,,,,,,0.9343881457488311,,,,,,,,,,,,,,,,,,,,,,,,,,,,,,,,,,,0.9225850286177105,,,,,,,,,,,,,,,,,,,,,,,,,,,,,,,,,,,,,,,,,,,,,,,,,,,,,,,,,,,,,,,,,,,,,,,,,,,,,,,,,,,,,,,,,,1.0,,
C0199,,,,,,,,,,,,,,,,,,,,,,,,,,,,,,,,,,,,,,,,,,,,,,,,,,,,,,,,,,,,,,,,,,,,,,,,,,,,,,,,,,,,,,,,,,,,,,,,,,,,,,,,,,,,,,,,,,,,,,,,,,,,,,,0.9694169799458495,,,,,,,,,,,,,,,,,,,,,,,,,,,,,,0.9736431729277465,,,,,0.9620917472839149,,,,,,,,,,,,,,,,,,,,,,,,,,,,,,,,,,,,0.9999999999999999,
C0200,,,,,,,,,,,,,,,,,,,,,,0.9814697805629424,,,,,,,,,,,,,,,,,,,,,,,,,,,,,,,0.9784216899677738,,,,,,,,,,,,,,,,,,,,,,,,,,,,,,,,,,,,,,,,,,,,,,,,,,,,,,,,,,,,,,,,0.9841604955234884,,,,,,,,,,,,,,,,,,,,,,,,,,,,,,,,,,,,,,,,,,,,,,,,,,,,,,,,,,,,,,,,,,,,,,,,,,,,,,,,,,0.9999999999999996
